Varlık,Fiyat,Supertrend_Sinyal,Tilson_Sinyal,Hacim_SMI,Kombine_Dip,SSL&EMA_Sinyal,BB_Sikisma,BB_Fiyat_Durum,RSI,StochRSI,TSI
A1CAP,10.43,🟢 Yükseliş Trendinde,🔴 SAT,-,-,🔴 Ayı Piyasası (EMA 50 En Altta),🟠 Daralıyor,⚪Fiyat Alt_Orta Bant Aralığında,46.06,18.53,-0.37
A1YEN,2.83,🔴 Düşüş Trendinde,🔴 SAT,-,-,⚠️ Yükseliş Trendinde Düzeltme (SSL Negatif),⚪ Yelpaze Açık,⚪Fiyat Alt_Orta Bant Aralığında,28.75,0.0,-0.94
AAGYO,14.87,🔴 Düşüş Trendinde,🔴 SAT,-,🟢 POTANSİYEL DİP,-,-,⚪Fiyat Alt_Orta Bant Aralığında,28.76,18.07,-0.85
ACSEL,132.4,🔴 Düşüş Trendinde,🔴 SAT,-,-,⚠️ Yükseliş Trendinde Düzeltme (SSL Negatif),⚪ Yelpaze Açık,⚪Fiyat Alt_Orta Bant Aralığında,40.87,18.05,-0.67
ADEL,30.14,🔴 Düşüş Trendinde,🔴 SAT,-,🟢 POTANSİYEL DİP,🔴 Ayı Piyasası (EMA 50 En Altta),🟠 Daralıyor,⚪Fiyat Alt_Orta Bant Aralığında,32.06,13.41,-0.87
ADESE,0.92,🔴 Düşüş Trendinde,🔴 SAT,-,🟢 POTANSİYEL DİP,🔴 Ayı Piyasası (EMA 50 En Altta),🟠 Daralıyor,⚪Fiyat Alt_Orta Bant Aralığında,29.63,0.0,-0.97
ADGYO,50.75,🔴 Düşüş Trendinde,🔴 SAT,-,🟢 POTANSİYEL DİP,"📉 Düşüş Hazırlığı (50<100 Kesti, 150 Bekleniyor)",🟠 Daralıyor,🚨Fiyat Bandın Altında!,34.67,1.4,-0.89
AEFES,19.93,🟢 Yükseliş Trendinde,🔴 SAT,-,-,⚠️ Yükseliş Trendinde Düzeltme (SSL Negatif),🚨 BB SIKIŞMA,⚪Fiyat Alt_Orta Bant Aralığında,42.75,6.89,-0.67
AFYON,12.57,🟢 Yükseliş Trendinde,🔴 SAT,-,-,🔴 Ayı Piyasası (EMA 50 En Altta),🟡 Normal Genişlik,⚪Fiyat Alt_Orta Bant Aralığında,38.67,1.0,-0.9
AGESA,233.8,🩸 SAT (Trend Kırıldı),🔴 SAT,-,-,⚠️ Yükseliş Trendinde Düzeltme (SSL Negatif),⚪ Yelpaze Açık,🚨Fiyat Bandın Altında!,35.15,2.29,-0.9
AGHOL,32.12,🔴 Düşüş Trendinde,🔴 SAT,-,-,⚠️ Yükseliş Trendinde Düzeltme (SSL Negatif),🚨 BB SIKIŞMA,⚪Fiyat Alt_Orta Bant Aralığında,42.29,14.8,-0.14
AGROT,2.5,🔴 Düşüş Trendinde,🔴 SAT,-,🟢 POTANSİYEL DİP,🔴 Ayı Piyasası (EMA 50 En Altta),⚪ Yelpaze Açık,⚪Fiyat Alt_Orta Bant Aralığında,23.38,3.09,-0.97
AGYO,7.91,🔴 Düşüş Trendinde,🔴 SAT,-,-,⚠️ Yükseliş Trendinde Düzeltme (SSL Negatif),🟠 Daralıyor,⚪Fiyat Alt_Orta Bant Aralığında,40.37,35.03,-0.64
AHGAZ,35.54,🔴 Düşüş Trendinde,🔴 SAT,-,-,⚠️ Yükseliş Trendinde Düzeltme (SSL Negatif),⚪ Yelpaze Açık,⚪Fiyat Alt_Orta Bant Aralığında,53.88,4.25,-0.33
AHSGY,20.06,🟢 Yükseliş Trendinde,🔴 SAT,🩸 SAT (Zirveden Dönüş),-,🟢 EMA Yükselişte (SSL Ok Bekleniyor),⚪ Yelpaze Açık,🟡Fiyat Orta-Üst Bant Aralığında,49.41,76.84,0.71
AKBNK,70.7,🔴 Düşüş Trendinde,🔴 SAT,-,-,⚠️ Yükseliş Trendinde Düzeltme (SSL Negatif),🟠 Daralıyor,⚪Fiyat Alt_Orta Bant Aralığında,39.93,0.54,-0.93
AKCNS,235.4,🟢 Yükseliş Trendinde,🟢 AL (Trend Onaylı),-,-,🟢 EMA Yükselişte (SSL Ok Bekleniyor),⚪ Yelpaze Açık,🟡Fiyat Orta-Üst Bant Aralığında,61.41,89.44,0.9
AKENR,10.74,🔴 Düşüş Trendinde,🔴 SAT,-,-,⚠️ Yükseliş Trendinde Düzeltme (SSL Negatif),⚪ Yelpaze Açık,⚪Fiyat Alt_Orta Bant Aralığında,32.93,0.0,-0.96
AKFGY,2.66,🔴 Düşüş Trendinde,🔴 SAT,-,-,🔴 Ayı Piyasası (EMA 50 En Altta),🟠 Daralıyor,⚪Fiyat Alt_Orta Bant Aralığında,39.19,4.58,-0.86
AKFIS,88.55,🟢 Yükseliş Trendinde,⏳ BEKLE,-,-,⚪ Karışık / Testere Piyasası,⚪ Yelpaze Açık,🟡Fiyat Orta-Üst Bant Aralığında,68.8,93.36,0.92
AKFYE,24.4,🟢 Yükseliş Trendinde,⏳ BEKLE,-,-,🟢 EMA Yükselişte (SSL Ok Bekleniyor),⚪ Yelpaze Açık,🟡Fiyat Orta-Üst Bant Aralığında,52.71,72.44,0.53
AKGRT,7.13,🔴 Düşüş Trendinde,⏳ BEKLE,🟢 POTANSİYEL DİP (0 Altı - Hacimsiz),-,🔴 Ayı Piyasası (EMA 50 En Altta),🚨 BB SIKIŞMA,⚪Fiyat Alt_Orta Bant Aralığında,47.76,31.39,-0.54
AKHAN,35.86,🟢 Yükseliş Trendinde,🟢 AL (Trend Onaylı),-,-,-,-,🚨Fiyat Bandın Üzerinde!,66.82,65.51,0.63
AKMGY,243.7,🟢 Yükseliş Trendinde,⏳ BEKLE,🔴 ZAYIFLAMA (Zaten Dipte),-,⚠️ Yükseliş Trendinde Düzeltme (SSL Negatif),⚪ Yelpaze Açık,⚪Fiyat Alt_Orta Bant Aralığında,43.98,57.38,-0.07
AKSA,11.5,🟢 Yükseliş Trendinde,🔴 SAT,-,-,⚠️ Yükseliş Trendinde Düzeltme (SSL Negatif),🟡 Normal Genişlik,⚪Fiyat Alt_Orta Bant Aralığında,48.91,12.86,-0.26
AKSEN,90.3,🟢 Yükseliş Trendinde,🟢 AL (Trend Onaylı),-,-,🟢 EMA Yükselişte (SSL Ok Bekleniyor),⚪ Yelpaze Açık,🚨Fiyat Bandın Üzerinde!,65.24,95.18,0.52
AKSGY,9.37,🟢 Yükseliş Trendinde,🔴 SAT,-,-,⚠️ Yükseliş Trendinde Düzeltme (SSL Negatif),🟠 Daralıyor,⚪Fiyat Alt_Orta Bant Aralığında,47.68,9.8,-0.24
AKSUE,44.04,🟢 Yükseliş Trendinde,🟢 AL (Trend Onaylı),🩸 SAT (Zirveden Dönüş),-,🟢 EMA Yükselişte (SSL Ok Bekleniyor),⚪ Yelpaze Açık,🟡Fiyat Orta-Üst Bant Aralığında,66.09,78.49,0.9
AKYHO,2.49,🔴 Düşüş Trendinde,🔴 SAT,-,-,🔴 Ayı Piyasası (EMA 50 En Altta),🚨 BB SIKIŞMA,⚪Fiyat Alt_Orta Bant Aralığında,41.8,47.24,0.01
ALARK,99.1,🟢 Yükseliş Trendinde,🔴 SAT,-,-,⚠️ Yükseliş Trendinde Düzeltme (SSL Negatif),🟡 Normal Genişlik,⚪Fiyat Alt_Orta Bant Aralığında,43.37,3.14,-0.15
ALBRK,7.95,🔴 Düşüş Trendinde,🔴 SAT,-,-,🔴 Ayı Piyasası (EMA 50 En Altta),🟡 Normal Genişlik,⚪Fiyat Alt_Orta Bant Aralığında,41.35,5.93,-0.9
ALCAR,825.0,🟢 Yükseliş Trendinde,⏳ BEKLE,-,-,🔴 Ayı Piyasası (EMA 50 En Altta),⚪ Yelpaze Açık,🟡Fiyat Orta-Üst Bant Aralığında,57.9,75.08,0.84
ALCTL,139.3,🔴 Düşüş Trendinde,🔴 SAT,-,-,⚠️ Yükseliş Trendinde Düzeltme (SSL Negatif),⚪ Yelpaze Açık,⚪Fiyat Alt_Orta Bant Aralığında,37.96,2.31,-0.86
ALFAS,44.56,🔴 Düşüş Trendinde,🔴 SAT,-,-,⚠️ Yükseliş Trendinde Düzeltme (SSL Negatif),⚪ Yelpaze Açık,⚪Fiyat Alt_Orta Bant Aralığında,33.45,3.68,-0.91
ALGYO,3.46,🔴 Düşüş Trendinde,🔴 SAT,-,-,"📉 Düşüş Hazırlığı (50<100 Kesti, 150 Bekleniyor)",⚪ Yelpaze Açık,⚪Fiyat Alt_Orta Bant Aralığında,21.56,2.21,-0.96
ALKA,8.9,🔴 Düşüş Trendinde,🔴 SAT,-,🟢 POTANSİYEL DİP,🔴 Ayı Piyasası (EMA 50 En Altta),🟠 Daralıyor,⚪Fiyat Alt_Orta Bant Aralığında,26.91,6.14,-0.94
ALKIM,17.37,🔴 Düşüş Trendinde,🔴 SAT,🟢 POTANSİYEL DİP (0 Altı - Hacimsiz),-,🔴 Ayı Piyasası (EMA 50 En Altta),🟠 Daralıyor,⚪Fiyat Alt_Orta Bant Aralığında,41.78,10.7,-0.94
ALKLC,381.25,🟢 Yükseliş Trendinde,🟢 AL (Trend Onaylı),-,-,🟢 EMA Yükselişte (SSL Ok Bekleniyor),🚨 BB SIKIŞMA,🚨Fiyat Bandın Üzerinde!,66.7,98.88,0.75
ALTNY,15.78,🟢 Yükseliş Trendinde,🔴 SAT,-,-,⚠️ Yükseliş Trendinde Düzeltme (SSL Negatif),⚪ Yelpaze Açık,⚪Fiyat Alt_Orta Bant Aralığında,43.26,43.1,0.52
ALVES,2.48,🔴 Düşüş Trendinde,🔴 SAT,-,🟢 POTANSİYEL DİP,🔴 Ayı Piyasası (EMA 50 En Altta),🚨 BB SIKIŞMA,🚨Fiyat Bandın Altında!,33.91,4.05,-0.91
ANELE,99.7,🔴 Düşüş Trendinde,🔴 SAT,🟢 POTANSİYEL DİP (0 Altı - Hacimsiz),-,⚠️ Yükseliş Trendinde Düzeltme (SSL Negatif),🟡 Normal Genişlik,⚪Fiyat Alt_Orta Bant Aralığında,48.9,22.02,-0.62
ANGEN,10.29,🔴 Düşüş Trendinde,🔴 SAT,-,-,🔴 Ayı Piyasası (EMA 50 En Altta),🟠 Daralıyor,⚪Fiyat Alt_Orta Bant Aralığında,42.0,18.22,-0.5
ANHYT,98.35,🔴 Düşüş Trendinde,🔴 SAT,-,-,"📉 Düşüş Hazırlığı (50<100 Kesti, 150 Bekleniyor)",🟠 Daralıyor,🚨Fiyat Bandın Altında!,35.33,0.0,-0.81
ANSGR,27.18,🟢 Yükseliş Trendinde,⏳ BEKLE,-,-,⚠️ Yükseliş Trendinde Düzeltme (SSL Negatif),🟠 Daralıyor,⚪Fiyat Alt_Orta Bant Aralığında,43.14,17.6,-0.89
ARASE,118.0,🟢 Yükseliş Trendinde,⏳ BEKLE,-,-,🟢 EMA Yükselişte (SSL Ok Bekleniyor),🚨 BB SIKIŞMA,🟡Fiyat Orta-Üst Bant Aralığında,55.71,49.2,0.82
ARCLK,96.75,🔴 Düşüş Trendinde,🔴 SAT,-,🟢 POTANSİYEL DİP,🔴 Ayı Piyasası (EMA 50 En Altta),🟡 Normal Genişlik,⚪Fiyat Alt_Orta Bant Aralığında,33.11,6.23,-0.81
ARDYZ,67.35,🟢 Yükseliş Trendinde,🟢 AL (Trend Onaylı),-,-,🟢 EMA Yükselişte (SSL Ok Bekleniyor),⚪ Yelpaze Açık,🚨Fiyat Bandın Üzerinde!,60.83,79.51,0.88
ARENA,27.12,🔴 Düşüş Trendinde,🔴 SAT,-,-,🔴 Ayı Piyasası (EMA 50 En Altta),🚨 BB SIKIŞMA,⚪Fiyat Alt_Orta Bant Aralığında,44.61,50.61,-0.37
ARFYE,29.98,🔴 Düşüş Trendinde,🔴 SAT,-,-,-,🚨 BB SIKIŞMA,⚪Fiyat Alt_Orta Bant Aralığında,47.4,37.15,0.35
ARMGD,173.9,🟢 Yükseliş Trendinde,🔴 SAT,-,-,⚠️ Yükseliş Trendinde Düzeltme (SSL Negatif),⚪ Yelpaze Açık,🟡Fiyat Orta-Üst Bant Aralığında,56.67,34.93,0.64
ARSAN,3.1,🔴 Düşüş Trendinde,🔴 SAT,-,-,🔴 Ayı Piyasası (EMA 50 En Altta),🟠 Daralıyor,⚪Fiyat Alt_Orta Bant Aralığında,38.69,12.49,-0.22
ARTMS,42.46,🔴 Düşüş Trendinde,🔴 SAT,-,-,🟢 EMA Yükselişte (SSL Ok Bekleniyor),🟠 Daralıyor,🟡Fiyat Orta-Üst Bant Aralığında,50.62,13.2,0.31
ARZUM,2.03,🔴 Düşüş Trendinde,⏳ BEKLE,🚀 KUSURSUZ DÖNÜŞ (0 Altı + Hacim),-,🔴 Ayı Piyasası (EMA 50 En Altta),⚪ Yelpaze Açık,⚪Fiyat Alt_Orta Bant Aralığında,43.26,59.44,-0.63
ASELS,363.0,🔴 Düşüş Trendinde,🔴 SAT,🩸 SAT (Zirveden Dönüş),-,⚠️ Yükseliş Trendinde Düzeltme (SSL Negatif),⚪ Yelpaze Açık,⚪Fiyat Alt_Orta Bant Aralığında,43.82,51.69,0.03
ASGYO,12.29,🟢 Yükseliş Trendinde,🔴 SAT,-,-,⚠️ Yükseliş Trendinde Düzeltme (SSL Negatif),⚪ Yelpaze Açık,🟡Fiyat Orta-Üst Bant Aralığında,52.14,9.88,-0.55
ASTOR,314.5,🔴 Düşüş Trendinde,🟢 AL (Trend Onaylı),-,-,🟢 EMA Yükselişte (SSL Ok Bekleniyor),🟡 Normal Genişlik,🟡Fiyat Orta-Üst Bant Aralığında,54.57,84.42,0.48
ASUZU,53.85,🔴 Düşüş Trendinde,🔴 SAT,-,🟢 POTANSİYEL DİP,🔴 Ayı Piyasası (EMA 50 En Altta),⚪ Yelpaze Açık,🚨Fiyat Bandın Altında!,32.47,13.79,-0.9
ATAGY,11.89,🔴 Düşüş Trendinde,🔴 SAT,-,-,🔴 Ayı Piyasası (EMA 50 En Altta),🟠 Daralıyor,⚪Fiyat Alt_Orta Bant Aralığında,42.12,51.82,0.04
ATAKP,50.8,🟢 Yükseliş Trendinde,🔴 SAT,-,-,"📉 Düşüş Hazırlığı (50<100 Kesti, 150 Bekleniyor)",🟠 Daralıyor,⚪Fiyat Alt_Orta Bant Aralığında,39.41,6.25,-0.53
ATATP,218.5,🟢 Yükseliş Trendinde,🔥 GÜÇLÜ AL (Taze Kırılım),-,-,⚠️ Yükseliş Trendinde Düzeltme (SSL Negatif),🟠 Daralıyor,🟡Fiyat Orta-Üst Bant Aralığında,52.58,46.58,0.1
ATATR,15.35,🔴 Düşüş Trendinde,🔴 SAT,-,-,-,-,⚪Fiyat Alt_Orta Bant Aralığında,41.24,24.16,-0.75
ATEKS,125.6,🔴 Düşüş Trendinde,⏳ BEKLE,-,-,⚠️ Yükseliş Trendinde Düzeltme (SSL Negatif),⚪ Yelpaze Açık,🟡Fiyat Orta-Üst Bant Aralığında,54.71,26.25,0.41
ATLAS,7.57,🟢 Yükseliş Trendinde,🔴 SAT,-,-,⚠️ Yükseliş Trendinde Düzeltme (SSL Negatif),🟠 Daralıyor,⚪Fiyat Alt_Orta Bant Aralığında,43.1,19.02,-0.03
ATSYH,110.0,🟢 Yükseliş Trendinde,⏳ BEKLE,🩸 SAT (Zirveden Dönüş),-,⚪ Karışık / Testere Piyasası,⚪ Yelpaze Açık,🟡Fiyat Orta-Üst Bant Aralığında,63.4,34.25,0.8
AVGYO,16.03,🟢 Yükseliş Trendinde,🟢 AL (Trend Onaylı),-,-,🟢 EMA Yükselişte (SSL Ok Bekleniyor),🚨 BB SIKIŞMA,🟡Fiyat Orta-Üst Bant Aralığında,62.09,43.85,-0.3
AVHOL,39.68,🔴 Düşüş Trendinde,🟢 AL (Trend Onaylı),-,-,⚠️ Yükseliş Trendinde Düzeltme (SSL Negatif),⚪ Yelpaze Açık,⚪Fiyat Alt_Orta Bant Aralığında,44.91,49.15,-0.65
AVOD,4.31,🔴 Düşüş Trendinde,🔥 GÜÇLÜ AL (Taze Kırılım),-,-,"📉 Düşüş Hazırlığı (50<100 Kesti, 150 Bekleniyor)",🟠 Daralıyor,🟡Fiyat Orta-Üst Bant Aralığında,50.57,78.97,0.23
AVPGY,56.05,🔴 Düşüş Trendinde,⏳ BEKLE,-,-,🟢 EMA Yükselişte (SSL Ok Bekleniyor),🚨 BB SIKIŞMA,⚪Fiyat Alt_Orta Bant Aralığında,45.6,55.98,-0.22
AVTUR,16.1,🔴 Düşüş Trendinde,🔴 SAT,-,-,🔴 Ayı Piyasası (EMA 50 En Altta),⚪ Yelpaze Açık,⚪Fiyat Alt_Orta Bant Aralığında,41.68,16.3,-0.94
AYCES,535.0,🔴 Düşüş Trendinde,🔴 SAT,-,-,"📉 Düşüş Hazırlığı (50<100 Kesti, 150 Bekleniyor)",🚨 BB SIKIŞMA,🚨Fiyat Bandın Altında!,36.96,5.79,-0.89
AYDEM,25.74,🟢 Yükseliş Trendinde,⏳ BEKLE,-,-,🟢 EMA Yükselişte (SSL Ok Bekleniyor),🚨 BB SIKIŞMA,🟡Fiyat Orta-Üst Bant Aralığında,48.97,69.0,0.25
AYEN,33.9,🔴 Düşüş Trendinde,🔴 SAT,-,-,⚠️ Yükseliş Trendinde Düzeltme (SSL Negatif),⚪ Yelpaze Açık,⚪Fiyat Alt_Orta Bant Aralığında,43.41,21.43,-0.85
AYES,32.98,🟢 Yükseliş Trendinde,🔴 SAT,-,-,⚠️ Yükseliş Trendinde Düzeltme (SSL Negatif),⚪ Yelpaze Açık,⚪Fiyat Alt_Orta Bant Aralığında,48.29,33.99,0.35
AYGAZ,230.0,🟢 Yükseliş Trendinde,🟢 AL (Trend Onaylı),-,-,"📉 Düşüş Hazırlığı (50<100 Kesti, 150 Bekleniyor)",🟠 Daralıyor,🟡Fiyat Orta-Üst Bant Aralığında,54.12,97.01,0.69
AZTEK,4.73,🔴 Düşüş Trendinde,🔴 SAT,-,-,⚠️ Yükseliş Trendinde Düzeltme (SSL Negatif),🟡 Normal Genişlik,⚪Fiyat Alt_Orta Bant Aralığında,42.36,18.9,-0.58
BAGFS,24.56,🔴 Düşüş Trendinde,🔴 SAT,-,🟢 POTANSİYEL DİP,🔴 Ayı Piyasası (EMA 50 En Altta),🟡 Normal Genişlik,⚪Fiyat Alt_Orta Bant Aralığında,31.7,15.04,-0.93
BAHKM,111.1,🟢 Yükseliş Trendinde,🔴 SAT,-,-,⚠️ Yükseliş Trendinde Düzeltme (SSL Negatif),🚨 BB SIKIŞMA,⚪Fiyat Alt_Orta Bant Aralığında,42.53,4.01,-0.36
BAKAB,54.45,🟢 Yükseliş Trendinde,🟢 AL (Trend Onaylı),-,-,🟢 EMA Yükselişte (SSL Ok Bekleniyor),⚪ Yelpaze Açık,🟡Fiyat Orta-Üst Bant Aralığında,57.33,45.77,0.42
BALAT,69.95,🟢 Yükseliş Trendinde,🟢 AL (Trend Onaylı),-,-,🔴 Ayı Piyasası (EMA 50 En Altta),⚪ Yelpaze Açık,🟡Fiyat Orta-Üst Bant Aralığında,54.46,91.22,0.55
BALSU,14.1,🔴 Düşüş Trendinde,🔴 SAT,-,-,🔴 Ayı Piyasası (EMA 50 En Altta),⚪ Yelpaze Açık,⚪Fiyat Alt_Orta Bant Aralığında,41.91,0.16,-0.53
BANVT,167.4,🟢 Yükseliş Trendinde,🔴 SAT,-,-,"⚡ Yükseliş Hazırlığı (50>100 Kesti, 150 Bekleniyor)",⚪ Yelpaze Açık,⚪Fiyat Alt_Orta Bant Aralığında,49.91,6.22,0.08
BARMA,69.6,🟢 Yükseliş Trendinde,🔥 GÜÇLÜ AL (Taze Kırılım),-,-,⚠️ Yükseliş Trendinde Düzeltme (SSL Negatif),🟠 Daralıyor,⚪Fiyat Alt_Orta Bant Aralığında,52.45,29.22,-0.45
BASCM,14.19,🔴 Düşüş Trendinde,🔥 GÜÇLÜ AL (Taze Kırılım),-,-,🔴 Ayı Piyasası (EMA 50 En Altta),⚪ Yelpaze Açık,⚪Fiyat Alt_Orta Bant Aralığında,42.38,45.45,-0.65
BASGZ,46.5,🟢 Yükseliş Trendinde,🔴 SAT,-,-,⚠️ Yükseliş Trendinde Düzeltme (SSL Negatif),⚪ Yelpaze Açık,⚪Fiyat Alt_Orta Bant Aralığında,40.88,12.58,-0.9
BAYRK,4.55,🔴 Düşüş Trendinde,⏳ BEKLE,-,-,🔴 Ayı Piyasası (EMA 50 En Altta),⚪ Yelpaze Açık,⚪Fiyat Alt_Orta Bant Aralığında,38.54,49.21,-0.84
BEGYO,3.99,🔴 Düşüş Trendinde,🔴 SAT,-,-,🔴 Ayı Piyasası (EMA 50 En Altta),🟡 Normal Genişlik,⚪Fiyat Alt_Orta Bant Aralığında,35.42,1.5,-0.86
BERA,14.93,🔴 Düşüş Trendinde,🔴 SAT,-,-,🔴 Ayı Piyasası (EMA 50 En Altta),⚪ Yelpaze Açık,⚪Fiyat Alt_Orta Bant Aralığında,30.73,0.0,-0.93
BESLR,13.2,🔴 Düşüş Trendinde,🔴 SAT,-,🟢 POTANSİYEL DİP,🔴 Ayı Piyasası (EMA 50 En Altta),🟠 Daralıyor,⚪Fiyat Alt_Orta Bant Aralığında,34.99,2.31,-0.95
BESTE,31.02,🔴 Düşüş Trendinde,🔴 SAT,🔴 ZAYIFLAMA (Zaten Dipte),-,-,-,⚪Fiyat Alt_Orta Bant Aralığında,40.1,9.95,-0.77
BETAE,77.8,🟢 Yükseliş Trendinde,-,-,-,-,-,-,,,
BEYAZ,24.16,🔴 Düşüş Trendinde,🔴 SAT,-,🟢 POTANSİYEL DİP,🔴 Ayı Piyasası (EMA 50 En Altta),⚪ Yelpaze Açık,🚨Fiyat Bandın Altında!,30.0,14.26,-0.89
BFREN,132.5,🔴 Düşüş Trendinde,🔴 SAT,-,-,🔴 Ayı Piyasası (EMA 50 En Altta),🟠 Daralıyor,⚪Fiyat Alt_Orta Bant Aralığında,37.32,9.52,-0.8
BIENY,21.3,🔴 Düşüş Trendinde,🔴 SAT,-,🟢 POTANSİYEL DİP,🔴 Ayı Piyasası (EMA 50 En Altta),🟠 Daralıyor,🚨Fiyat Bandın Altında!,30.91,0.0,-0.92
BIGCH,6.41,🔴 Düşüş Trendinde,🔴 SAT,-,-,🔴 Ayı Piyasası (EMA 50 En Altta),🟡 Normal Genişlik,⚪Fiyat Alt_Orta Bant Aralığında,38.26,4.47,-0.94
BIGEN,88.05,🟢 Yükseliş Trendinde,🔴 SAT,-,-,⚠️ Yükseliş Trendinde Düzeltme (SSL Negatif),⚪ Yelpaze Açık,🟡Fiyat Orta-Üst Bant Aralığında,69.72,31.36,0.69
BIGTK,346.25,🟢 Yükseliş Trendinde,🟢 AL (Trend Onaylı),-,🔴 ZİRVEDE,🔴 Ayı Piyasası (EMA 50 En Altta),⚪ Yelpaze Açık,🚨Fiyat Bandın Üzerinde!,79.21,94.53,0.92
BIMAS,369.5,🔴 Düşüş Trendinde,🟢 AL (Trend Onaylı),-,-,🟢 EMA Yükselişte (SSL Ok Bekleniyor),🟠 Daralıyor,⚪Fiyat Alt_Orta Bant Aralığında,46.77,76.75,-0.44
BINBN,180.6,🟢 Yükseliş Trendinde,⏳ BEKLE,-,-,🟢 EMA Yükselişte (SSL Ok Bekleniyor),🟡 Normal Genişlik,🟡Fiyat Orta-Üst Bant Aralığında,53.61,64.39,0.58
BINHO,10.35,🟢 Yükseliş Trendinde,🔴 SAT,-,-,🟢 EMA Yükselişte (SSL Ok Bekleniyor),⚪ Yelpaze Açık,🟡Fiyat Orta-Üst Bant Aralığında,55.96,25.76,0.63
BIOEN,16.53,🔴 Düşüş Trendinde,🔴 SAT,-,-,🔴 Ayı Piyasası (EMA 50 En Altta),🟡 Normal Genişlik,🚨Fiyat Bandın Altında!,37.89,4.72,-0.37
BIZIM,25.6,🟢 Yükseliş Trendinde,🔴 SAT,-,-,🔴 Ayı Piyasası (EMA 50 En Altta),🟡 Normal Genişlik,⚪Fiyat Alt_Orta Bant Aralığında,42.25,45.53,-0.14
BJKAS,1.68,🔴 Düşüş Trendinde,⏳ BEKLE,🟢 POTANSİYEL DİP (0 Altı - Hacimsiz),-,🔴 Ayı Piyasası (EMA 50 En Altta),🟡 Normal Genişlik,🟡Fiyat Orta-Üst Bant Aralığında,54.09,50.36,0.45
BLCYT,21.62,🔴 Düşüş Trendinde,🔴 SAT,🔴 ZAYIFLAMA (Zaten Dipte),-,🔴 Ayı Piyasası (EMA 50 En Altta),🟠 Daralıyor,⚪Fiyat Alt_Orta Bant Aralığında,31.77,53.85,-0.77
BLUME,33.3,🩸 SAT (Trend Kırıldı),🔴 SAT,🩸 SAT (Zirveden Dönüş),-,🔴 Ayı Piyasası (EMA 50 En Altta),⚪ Yelpaze Açık,⚪Fiyat Alt_Orta Bant Aralığında,43.77,64.74,0.76
BMSCH,13.86,🔴 Düşüş Trendinde,🔴 SAT,-,-,🔴 Ayı Piyasası (EMA 50 En Altta),⚪ Yelpaze Açık,⚪Fiyat Alt_Orta Bant Aralığında,32.83,42.83,-0.87
BMSTL,42.86,🔴 Düşüş Trendinde,⏳ BEKLE,🟢 POTANSİYEL DİP (0 Altı - Hacimsiz),-,⚠️ Yükseliş Trendinde Düzeltme (SSL Negatif),⚪ Yelpaze Açık,⚪Fiyat Alt_Orta Bant Aralığında,43.02,5.69,-0.95
BNTAS,6.08,🔴 Düşüş Trendinde,🔴 SAT,-,-,🔴 Ayı Piyasası (EMA 50 En Altta),⚪ Yelpaze Açık,⚪Fiyat Alt_Orta Bant Aralığında,32.47,8.78,-0.97
BOBET,19.1,🟢 Yükseliş Trendinde,⏳ BEKLE,🔴 ZAYIFLAMA (Zaten Dipte),-,🔴 Ayı Piyasası (EMA 50 En Altta),🟠 Daralıyor,🟡Fiyat Orta-Üst Bant Aralığında,50.17,26.65,-0.26
BORLS,6.36,🟢 Yükseliş Trendinde,🔴 SAT,-,-,🔴 Ayı Piyasası (EMA 50 En Altta),⚪ Yelpaze Açık,⚪Fiyat Alt_Orta Bant Aralığında,48.15,4.19,-0.83
BORSK,5.82,🔴 Düşüş Trendinde,🔴 SAT,-,-,"📉 Düşüş Hazırlığı (50<100 Kesti, 150 Bekleniyor)",🚨 BB SIKIŞMA,🚨Fiyat Bandın Altında!,35.9,24.98,-0.84
BOSSA,6.33,🔴 Düşüş Trendinde,⏳ BEKLE,-,-,🔴 Ayı Piyasası (EMA 50 En Altta),🟡 Normal Genişlik,⚪Fiyat Alt_Orta Bant Aralığında,46.07,58.48,-0.73
BRISA,80.4,🔴 Düşüş Trendinde,🔴 SAT,🔴 ZAYIFLAMA (Zaten Dipte),🟢 POTANSİYEL DİP,⚠️ Yükseliş Trendinde Düzeltme (SSL Negatif),⚪ Yelpaze Açık,🚨Fiyat Bandın Altında!,30.55,6.07,-0.94
BRKO,13.01,🔴 Düşüş Trendinde,🔴 SAT,🩸 SAT (Zirveden Dönüş),-,⚠️ Yükseliş Trendinde Düzeltme (SSL Negatif),🟠 Daralıyor,⚪Fiyat Alt_Orta Bant Aralığında,46.22,18.41,-0.37
BRKSN,8.0,🔴 Düşüş Trendinde,🟢 AL (Trend Onaylı),-,-,🔴 Ayı Piyasası (EMA 50 En Altta),🚨 BB SIKIŞMA,🟡Fiyat Orta-Üst Bant Aralığında,47.82,100.0,0.21
BRKVY,82.9,🔴 Düşüş Trendinde,🔴 SAT,-,🟢 POTANSİYEL DİP,🔴 Ayı Piyasası (EMA 50 En Altta),🟡 Normal Genişlik,⚪Fiyat Alt_Orta Bant Aralığında,32.37,0.28,-0.89
BRLSM,16.74,🔴 Düşüş Trendinde,🔴 SAT,-,-,⚠️ Yükseliş Trendinde Düzeltme (SSL Negatif),⚪ Yelpaze Açık,🚨Fiyat Bandın Altında!,36.28,0.0,-0.83
BRMEN,16.0,🔴 Düşüş Trendinde,🔴 SAT,-,-,⚠️ Yükseliş Trendinde Düzeltme (SSL Negatif),⚪ Yelpaze Açık,⚪Fiyat Alt_Orta Bant Aralığında,50.27,0.0,-0.58
BRSAN,532.5,🔴 Düşüş Trendinde,🔴 SAT,-,-,⚠️ Yükseliş Trendinde Düzeltme (SSL Negatif),🟡 Normal Genişlik,⚪Fiyat Alt_Orta Bant Aralığında,40.39,6.63,-0.75
BRYAT,1825.0,🔴 Düşüş Trendinde,🔴 SAT,🟢 POTANSİYEL DİP (0 Altı - Hacimsiz),-,🔴 Ayı Piyasası (EMA 50 En Altta),⚪ Yelpaze Açık,⚪Fiyat Alt_Orta Bant Aralığında,35.53,16.27,-0.73
BSOKE,33.56,🔴 Düşüş Trendinde,🔴 SAT,-,-,⚠️ Yükseliş Trendinde Düzeltme (SSL Negatif),🟡 Normal Genişlik,⚪Fiyat Alt_Orta Bant Aralığında,36.75,16.66,-0.45
BTCIM,5.34,🔴 Düşüş Trendinde,🔴 SAT,-,🟢 POTANSİYEL DİP,⚠️ Yükseliş Trendinde Düzeltme (SSL Negatif),⚪ Yelpaze Açık,🚨Fiyat Bandın Altında!,28.79,1.05,-0.82
BUCIM,5.39,🔴 Düşüş Trendinde,🔴 SAT,-,🟢 POTANSİYEL DİP,🔴 Ayı Piyasası (EMA 50 En Altta),⚪ Yelpaze Açık,⚪Fiyat Alt_Orta Bant Aralığında,23.47,0.0,-0.94
BULGS,37.0,🔴 Düşüş Trendinde,🔴 SAT,-,🟢 POTANSİYEL DİP,🔴 Ayı Piyasası (EMA 50 En Altta),⚪ Yelpaze Açık,🚨Fiyat Bandın Altında!,31.31,0.0,-0.92
BURCE,39.94,🔴 Düşüş Trendinde,🔴 SAT,-,-,"📉 Düşüş Hazırlığı (50<100 Kesti, 150 Bekleniyor)",🚨 BB SIKIŞMA,⚪Fiyat Alt_Orta Bant Aralığında,35.99,38.02,-0.41
BURVA,920.5,🔴 Düşüş Trendinde,⏳ BEKLE,🩸 SAT (Zirveden Dönüş),-,⚪ Karışık / Testere Piyasası,🚨 BB SIKIŞMA,⚪Fiyat Alt_Orta Bant Aralığında,41.37,66.21,-0.15
BVSAN,120.2,🔴 Düşüş Trendinde,🔥 GÜÇLÜ AL (Taze Kırılım),-,-,🟢 EMA Yükselişte (SSL Ok Bekleniyor),⚪ Yelpaze Açık,⚪Fiyat Alt_Orta Bant Aralığında,49.0,73.56,-0.53
BYDNR,37.2,🔴 Düşüş Trendinde,⏳ BEKLE,🔴 ZAYIFLAMA (Zaten Dipte),-,⚠️ Yükseliş Trendinde Düzeltme (SSL Negatif),🚨 BB SIKIŞMA,⚪Fiyat Alt_Orta Bant Aralığında,44.74,52.81,-0.13
CANTE,1.26,🔴 Düşüş Trendinde,🔴 SAT,-,-,🔴 Ayı Piyasası (EMA 50 En Altta),⚪ Yelpaze Açık,⚪Fiyat Alt_Orta Bant Aralığında,23.68,4.45,-0.97
CASA,71.05,🔴 Düşüş Trendinde,🔴 SAT,-,🟢 POTANSİYEL DİP,🔴 Ayı Piyasası (EMA 50 En Altta),⚪ Yelpaze Açık,🚨Fiyat Bandın Altında!,33.21,29.42,-0.55
CATES,40.08,🔴 Düşüş Trendinde,🔴 SAT,🔴 ZAYIFLAMA (Zaten Dipte),-,⚠️ Yükseliş Trendinde Düzeltme (SSL Negatif),🚨 BB SIKIŞMA,⚪Fiyat Alt_Orta Bant Aralığında,47.61,44.04,-0.09
CCOLA,83.05,🟢 Yükseliş Trendinde,⏳ BEKLE,-,-,🟢 EMA Yükselişte (SSL Ok Bekleniyor),🟡 Normal Genişlik,🟡Fiyat Orta-Üst Bant Aralığında,53.88,66.08,0.85
CELHA,22.24,🟢 Yükseliş Trendinde,🟢 AL (Trend Onaylı),-,-,🟢 EMA Yükselişte (SSL Ok Bekleniyor),⚪ Yelpaze Açık,🚨Fiyat Bandın Üzerinde!,66.88,79.91,0.34
CEMAS,4.17,🔴 Düşüş Trendinde,🔴 SAT,-,-,🔴 Ayı Piyasası (EMA 50 En Altta),⚪ Yelpaze Açık,⚪Fiyat Alt_Orta Bant Aralığında,32.2,2.01,-0.94
CEMTS,9.59,🔴 Düşüş Trendinde,🔴 SAT,-,-,🔴 Ayı Piyasası (EMA 50 En Altta),🟠 Daralıyor,⚪Fiyat Alt_Orta Bant Aralığında,37.8,9.09,-0.86
CEMZY,12.6,🔴 Düşüş Trendinde,🔴 SAT,-,-,⚠️ Yükseliş Trendinde Düzeltme (SSL Negatif),⚪ Yelpaze Açık,⚪Fiyat Alt_Orta Bant Aralığında,36.69,0.0,-0.91
CEOEM,27.02,🟢 Yükseliş Trendinde,🔴 SAT,-,-,⚠️ Yükseliş Trendinde Düzeltme (SSL Negatif),⚪ Yelpaze Açık,🟡Fiyat Orta-Üst Bant Aralığında,51.43,44.01,0.59
CGCAM,44.96,🟢 Yükseliş Trendinde,🔴 SAT,-,-,⚠️ Yükseliş Trendinde Düzeltme (SSL Negatif),🟠 Daralıyor,⚪Fiyat Alt_Orta Bant Aralığında,50.06,38.65,0.03
CIMSA,46.34,🔴 Düşüş Trendinde,🔴 SAT,🔴 ZAYIFLAMA (Zaten Dipte),-,"📉 Düşüş Hazırlığı (50<100 Kesti, 150 Bekleniyor)",🟡 Normal Genişlik,⚪Fiyat Alt_Orta Bant Aralığında,36.21,35.54,-0.8
CLEBI,1524.0,🔴 Düşüş Trendinde,🔴 SAT,-,🟢 POTANSİYEL DİP,🔴 Ayı Piyasası (EMA 50 En Altta),🟡 Normal Genişlik,⚪Fiyat Alt_Orta Bant Aralığında,32.84,10.23,-0.87
CMBTN,1661.0,🟢 Yükseliş Trendinde,🔴 SAT,-,-,🔴 Ayı Piyasası (EMA 50 En Altta),⚪ Yelpaze Açık,🟡Fiyat Orta-Üst Bant Aralığında,51.64,50.63,0.76
CMENT,290.0,🟢 Yükseliş Trendinde,⏳ BEKLE,-,-,🔴 Ayı Piyasası (EMA 50 En Altta),⚪ Yelpaze Açık,⚪Fiyat Alt_Orta Bant Aralığında,47.55,47.59,0.42
CONSE,2.53,🔴 Düşüş Trendinde,🔴 SAT,-,-,🔴 Ayı Piyasası (EMA 50 En Altta),⚪ Yelpaze Açık,⚪Fiyat Alt_Orta Bant Aralığında,27.0,4.86,-0.96
COSMO,141.9,🔴 Düşüş Trendinde,🟢 AL (Trend Onaylı),-,-,🔴 Ayı Piyasası (EMA 50 En Altta),🟡 Normal Genişlik,⚪Fiyat Alt_Orta Bant Aralığında,38.89,81.89,-0.03
CRDFA,36.4,🔴 Düşüş Trendinde,🔴 SAT,-,-,⚠️ Yükseliş Trendinde Düzeltme (SSL Negatif),⚪ Yelpaze Açık,⚪Fiyat Alt_Orta Bant Aralığında,44.4,9.06,-0.78
CRFSA,140.3,🟢 Yükseliş Trendinde,🔴 SAT,-,-,⚠️ Yükseliş Trendinde Düzeltme (SSL Negatif),🚨 BB SIKIŞMA,🚨Fiyat Bandın Altında!,41.79,5.47,-0.77
CUSAN,22.8,🔴 Düşüş Trendinde,🔴 SAT,-,-,🔴 Ayı Piyasası (EMA 50 En Altta),🚨 BB SIKIŞMA,⚪Fiyat Alt_Orta Bant Aralığında,37.66,9.87,-0.73
CVKMD,38.9,🔴 Düşüş Trendinde,🔴 SAT,-,-,⚠️ Yükseliş Trendinde Düzeltme (SSL Negatif),🟡 Normal Genişlik,⚪Fiyat Alt_Orta Bant Aralığında,42.88,21.91,-0.72
CWENE,41.4,🔴 Düşüş Trendinde,🟢 AL (Trend Onaylı),-,-,🟢 EMA Yükselişte (SSL Ok Bekleniyor),🟡 Normal Genişlik,🟡Fiyat Orta-Üst Bant Aralığında,59.08,95.48,0.62
DAGI,9.14,🟢 Yükseliş Trendinde,⏳ BEKLE,-,-,🟢 EMA Yükselişte (SSL Ok Bekleniyor),⚪ Yelpaze Açık,🟡Fiyat Orta-Üst Bant Aralığında,57.71,13.0,0.78
DAPGM,9.06,🟢 Yükseliş Trendinde,🔴 SAT,-,-,🔴 Ayı Piyasası (EMA 50 En Altta),🟡 Normal Genişlik,⚪Fiyat Alt_Orta Bant Aralığında,33.75,2.44,-0.94
DARDL,1.91,🔴 Düşüş Trendinde,🔴 SAT,-,-,🔴 Ayı Piyasası (EMA 50 En Altta),⚪ Yelpaze Açık,⚪Fiyat Alt_Orta Bant Aralığında,31.1,15.28,-0.86
DCTTR,13.12,🟢 Yükseliş Trendinde,⏳ BEKLE,-,-,🟢 EMA Yükselişte (SSL Ok Bekleniyor),🟡 Normal Genişlik,🟡Fiyat Orta-Üst Bant Aralığında,56.11,52.51,0.83
DENGE,2.49,🟢 Yükseliş Trendinde,⏳ BEKLE,-,-,🔴 Ayı Piyasası (EMA 50 En Altta),🚨 BB SIKIŞMA,🟡Fiyat Orta-Üst Bant Aralığında,52.29,39.95,0.13
DERHL,11.57,🔴 Düşüş Trendinde,🔴 SAT,-,🟢 POTANSİYEL DİP,🔴 Ayı Piyasası (EMA 50 En Altta),⚪ Yelpaze Açık,🚨Fiyat Bandın Altında!,26.71,1.31,-0.94
DERIM,38.02,🟢 Yükseliş Trendinde,🟢 AL (Trend Onaylı),-,-,⚠️ Yükseliş Trendinde Düzeltme (SSL Negatif),⚪ Yelpaze Açık,⚪Fiyat Alt_Orta Bant Aralığında,47.4,46.6,-0.31
DESA,10.43,🔴 Düşüş Trendinde,🔴 SAT,-,-,🔴 Ayı Piyasası (EMA 50 En Altta),⚪ Yelpaze Açık,⚪Fiyat Alt_Orta Bant Aralığında,34.44,53.42,-0.81
DESPC,40.9,🔴 Düşüş Trendinde,🔴 SAT,🔴 ZAYIFLAMA (Zaten Dipte),-,🔴 Ayı Piyasası (EMA 50 En Altta),🚨 BB SIKIŞMA,🚨Fiyat Bandın Altında!,39.42,33.33,-0.71
DEVA,68.75,🟢 Yükseliş Trendinde,🔴 SAT,-,-,⚠️ Yükseliş Trendinde Düzeltme (SSL Negatif),🟡 Normal Genişlik,⚪Fiyat Alt_Orta Bant Aralığında,47.17,0.42,-0.34
DGATE,106.7,🔴 Düşüş Trendinde,🔴 SAT,-,-,⚠️ Yükseliş Trendinde Düzeltme (SSL Negatif),🟠 Daralıyor,⚪Fiyat Alt_Orta Bant Aralığında,39.43,6.07,-0.65
DGGYO,38.4,🟢 Yükseliş Trendinde,⏳ BEKLE,🟢 POTANSİYEL DİP (0 Altı - Hacimsiz),-,⚠️ Yükseliş Trendinde Düzeltme (SSL Negatif),⚪ Yelpaze Açık,⚪Fiyat Alt_Orta Bant Aralığında,50.95,20.62,-0.77
DGNMO,8.09,🔴 Düşüş Trendinde,🔴 SAT,-,-,⚠️ Yükseliş Trendinde Düzeltme (SSL Negatif),⚪ Yelpaze Açık,⚪Fiyat Alt_Orta Bant Aralığında,38.01,7.45,-0.88
DIRIT,21.2,🔴 Düşüş Trendinde,🔴 SAT,🟢 POTANSİYEL DİP (0 Altı - Hacimsiz),🚀 KUSURSUZ DİP,🔴 Ayı Piyasası (EMA 50 En Altta),⚪ Yelpaze Açık,🚨Fiyat Bandın Altında!,32.13,11.48,-0.91
DITAS,28.3,🔴 Düşüş Trendinde,🔴 SAT,-,-,🔴 Ayı Piyasası (EMA 50 En Altta),⚪ Yelpaze Açık,⚪Fiyat Alt_Orta Bant Aralığında,33.82,10.23,-0.84
DMRGD,13.0,🟢 Yükseliş Trendinde,🟢 AL (Trend Onaylı),-,🔴 ZİRVEDE,🟢 EMA Yükselişte (SSL Ok Bekleniyor),🟡 Normal Genişlik,🚨Fiyat Bandın Üzerinde!,74.45,100.0,0.9
DMSAS,8.52,🔴 Düşüş Trendinde,🔴 SAT,-,-,"📉 Düşüş Hazırlığı (50<100 Kesti, 150 Bekleniyor)",⚪ Yelpaze Açık,⚪Fiyat Alt_Orta Bant Aralığında,39.79,5.66,-0.78
DNISI,20.54,🟢 Yükseliş Trendinde,🔴 SAT,-,-,⚠️ Yükseliş Trendinde Düzeltme (SSL Negatif),🟡 Normal Genişlik,🚨Fiyat Bandın Altında!,42.12,0.0,-0.58
DOAS,182.0,🔴 Düşüş Trendinde,🔴 SAT,-,-,⚠️ Yükseliş Trendinde Düzeltme (SSL Negatif),⚪ Yelpaze Açık,⚪Fiyat Alt_Orta Bant Aralığında,42.27,29.47,-0.62
DOCO,11040.0,🟢 Yükseliş Trendinde,🔴 SAT,-,-,⚠️ Yükseliş Trendinde Düzeltme (SSL Negatif),🟠 Daralıyor,⚪Fiyat Alt_Orta Bant Aralığında,48.23,0.0,-0.41
DOFER,30.38,🔴 Düşüş Trendinde,🔴 SAT,-,🟢 POTANSİYEL DİP,🔴 Ayı Piyasası (EMA 50 En Altta),⚪ Yelpaze Açık,⚪Fiyat Alt_Orta Bant Aralığında,32.83,37.67,-0.9
DOFRB,169.8,🟢 Yükseliş Trendinde,🔴 SAT,-,-,⚠️ Yükseliş Trendinde Düzeltme (SSL Negatif),⚪ Yelpaze Açık,⚪Fiyat Alt_Orta Bant Aralığında,50.02,9.19,0.17
DOGUB,76.65,🔴 Düşüş Trendinde,🔴 SAT,-,🟢 POTANSİYEL DİP,⚠️ Yükseliş Trendinde Düzeltme (SSL Negatif),🚨 BB SIKIŞMA,🚨Fiyat Bandın Altında!,32.69,5.47,-0.94
DOHOL,20.12,🔴 Düşüş Trendinde,🔴 SAT,🔴 ZAYIFLAMA (Zaten Dipte),-,⚠️ Yükseliş Trendinde Düzeltme (SSL Negatif),⚪ Yelpaze Açık,⚪Fiyat Alt_Orta Bant Aralığında,35.92,13.69,-0.83
DOKTA,23.9,🔴 Düşüş Trendinde,⏳ BEKLE,🟢 POTANSİYEL DİP (0 Altı - Hacimsiz),-,⚠️ Yükseliş Trendinde Düzeltme (SSL Negatif),🟡 Normal Genişlik,⚪Fiyat Alt_Orta Bant Aralığında,39.83,10.59,-0.9
DSTKF,3847.5,🟢 Yükseliş Trendinde,⏳ BEKLE,-,-,🟢 EMA Yükselişte (SSL Ok Bekleniyor),⚪ Yelpaze Açık,🟡Fiyat Orta-Üst Bant Aralığında,74.11,17.04,0.92
DUNYH,143.5,🟢 Yükseliş Trendinde,🔥 GÜÇLÜ AL (Taze Kırılım),🩸 SAT (Zirveden Dönüş),🔴 ZİRVEDE,🚀 ASIL SİNYAL: GÜÇLÜ AL (EMA Sıralı + SSL Onay),⚪ Yelpaze Açık,🚨Fiyat Bandın Üzerinde!,100.0,33.33,0.45
DURDO,5.02,🟢 Yükseliş Trendinde,🔴 SAT,-,-,⚠️ Yükseliş Trendinde Düzeltme (SSL Negatif),🚨 BB SIKIŞMA,⚪Fiyat Alt_Orta Bant Aralığında,43.49,2.53,-0.82
DURKN,20.24,🟢 Yükseliş Trendinde,🔴 SAT,-,-,🟢 EMA Yükselişte (SSL Ok Bekleniyor),🟠 Daralıyor,⚪Fiyat Alt_Orta Bant Aralığında,46.02,48.47,0.67
DYOBY,13.59,🔴 Düşüş Trendinde,🔴 SAT,🟢 POTANSİYEL DİP (0 Altı - Hacimsiz),-,⚠️ Yükseliş Trendinde Düzeltme (SSL Negatif),⚪ Yelpaze Açık,⚪Fiyat Alt_Orta Bant Aralığında,30.69,0.0,-0.94
DZGYO,8.07,🟢 Yükseliş Trendinde,🔴 SAT,-,-,⚠️ Yükseliş Trendinde Düzeltme (SSL Negatif),🟠 Daralıyor,🚨Fiyat Bandın Altında!,39.72,8.96,-0.2
EBEBK,77.3,🔴 Düşüş Trendinde,🔥 GÜÇLÜ AL (Taze Kırılım),-,-,⚠️ Yükseliş Trendinde Düzeltme (SSL Negatif),⚪ Yelpaze Açık,⚪Fiyat Alt_Orta Bant Aralığında,48.87,59.78,-0.2
ECILC,73.55,🔴 Düşüş Trendinde,🔴 SAT,-,-,🔴 Ayı Piyasası (EMA 50 En Altta),⚪ Yelpaze Açık,⚪Fiyat Alt_Orta Bant Aralığında,36.32,20.73,-0.82
ECOGR,40.46,🟢 Yükseliş Trendinde,🔴 SAT,-,-,⚠️ Yükseliş Trendinde Düzeltme (SSL Negatif),⚪ Yelpaze Açık,⚪Fiyat Alt_Orta Bant Aralığında,50.84,19.69,-0.36
ECZYT,323.0,🔴 Düşüş Trendinde,🟢 AL (Trend Onaylı),-,-,🟢 EMA Yükselişte (SSL Ok Bekleniyor),⚪ Yelpaze Açık,⚪Fiyat Alt_Orta Bant Aralığında,44.79,85.23,-0.22
EDATA,18.36,🟢 Yükseliş Trendinde,🔴 SAT,-,-,🟢 EMA Yükselişte (SSL Ok Bekleniyor),🚨 BB SIKIŞMA,⚪Fiyat Alt_Orta Bant Aralığında,48.94,27.85,0.27
EDIP,38.1,🟢 Yükseliş Trendinde,⏳ BEKLE,-,-,⚪ Karışık / Testere Piyasası,🟡 Normal Genişlik,🟡Fiyat Orta-Üst Bant Aralığında,53.92,50.76,0.72
EFOR,14.8,🟢 Yükseliş Trendinde,🔴 SAT,-,-,🔴 Ayı Piyasası (EMA 50 En Altta),🟠 Daralıyor,⚪Fiyat Alt_Orta Bant Aralığında,53.26,2.74,-0.77
EGEEN,5475.0,🔴 Düşüş Trendinde,🔴 SAT,-,-,🔴 Ayı Piyasası (EMA 50 En Altta),🟠 Daralıyor,⚪Fiyat Alt_Orta Bant Aralığında,42.89,43.56,0.22
EGEGY,29.72,🟢 Yükseliş Trendinde,⏳ BEKLE,-,-,🟢 EMA Yükselişte (SSL Ok Bekleniyor),⚪ Yelpaze Açık,🟡Fiyat Orta-Üst Bant Aralığında,56.35,82.36,0.9
EGEPO,18.74,🔴 Düşüş Trendinde,🟢 AL (Trend Onaylı),-,-,⚠️ Yükseliş Trendinde Düzeltme (SSL Negatif),🟠 Daralıyor,🟡Fiyat Orta-Üst Bant Aralığında,51.6,35.4,-0.62
EGGUB,98.05,🟢 Yükseliş Trendinde,🔴 SAT,🔴 ZAYIFLAMA (Zaten Dipte),-,🔴 Ayı Piyasası (EMA 50 En Altta),⚪ Yelpaze Açık,⚪Fiyat Alt_Orta Bant Aralığında,37.63,24.63,-0.51
EGPRO,36.26,🔴 Düşüş Trendinde,🔴 SAT,-,-,⚠️ Yükseliş Trendinde Düzeltme (SSL Negatif),⚪ Yelpaze Açık,⚪Fiyat Alt_Orta Bant Aralığında,41.33,1.16,-0.72
EGSER,2.98,🔴 Düşüş Trendinde,🔴 SAT,-,🟢 POTANSİYEL DİP,⚠️ Yükseliş Trendinde Düzeltme (SSL Negatif),⚪ Yelpaze Açık,⚪Fiyat Alt_Orta Bant Aralığında,33.95,0.0,-0.96
EKDMR,56.65,🟢 Yükseliş Trendinde,🔴 SAT,-,-,-,-,⚪Fiyat Alt_Orta Bant Aralığında,48.76,3.18,-0.03
EKGYO,20.46,🟢 Yükseliş Trendinde,🔴 SAT,-,-,"📉 Düşüş Hazırlığı (50<100 Kesti, 150 Bekleniyor)",🚨 BB SIKIŞMA,⚪Fiyat Alt_Orta Bant Aralığında,49.7,8.25,-0.35
EKIM,28.46,-,-,-,-,-,-,-,,,
EKIZ,67.4,🔴 Düşüş Trendinde,🔴 SAT,-,🟢 POTANSİYEL DİP,🔴 Ayı Piyasası (EMA 50 En Altta),⚪ Yelpaze Açık,🚨Fiyat Bandın Altında!,24.32,5.38,-0.86
EKOS,6.18,🔴 Düşüş Trendinde,🔴 SAT,-,🟢 POTANSİYEL DİP,⚠️ Yükseliş Trendinde Düzeltme (SSL Negatif),⚪ Yelpaze Açık,🚨Fiyat Bandın Altında!,32.99,0.0,-0.94
EKSUN,6.44,🔴 Düşüş Trendinde,🔴 SAT,-,-,⚠️ Yükseliş Trendinde Düzeltme (SSL Negatif),⚪ Yelpaze Açık,⚪Fiyat Alt_Orta Bant Aralığında,41.18,20.92,-0.64
ELITE,31.46,🔴 Düşüş Trendinde,🔴 SAT,🟢 POTANSİYEL DİP (0 Altı - Hacimsiz),-,⚠️ Yükseliş Trendinde Düzeltme (SSL Negatif),⚪ Yelpaze Açık,⚪Fiyat Alt_Orta Bant Aralığında,28.34,8.92,-0.96
EMKEL,19.32,🔴 Düşüş Trendinde,🟢 AL (Trend Onaylı),-,-,🔴 Ayı Piyasası (EMA 50 En Altta),🟠 Daralıyor,⚪Fiyat Alt_Orta Bant Aralığında,43.23,85.44,0.2
EMNIS,154.0,🔴 Düşüş Trendinde,🔴 SAT,-,-,🔴 Ayı Piyasası (EMA 50 En Altta),🟡 Normal Genişlik,⚪Fiyat Alt_Orta Bant Aralığında,42.59,25.7,-0.64
EMPAE,73.5,🔴 Düşüş Trendinde,🔴 SAT,-,-,-,-,⚪Fiyat Alt_Orta Bant Aralığında,41.6,48.4,-0.21
ENDAE,16.44,🔴 Düşüş Trendinde,⏳ BEKLE,-,-,⚠️ Yükseliş Trendinde Düzeltme (SSL Negatif),⚪ Yelpaze Açık,⚪Fiyat Alt_Orta Bant Aralığında,41.43,14.3,-0.89
ENERY,9.42,🔴 Düşüş Trendinde,🔴 SAT,-,-,⚠️ Yükseliş Trendinde Düzeltme (SSL Negatif),⚪ Yelpaze Açık,⚪Fiyat Alt_Orta Bant Aralığında,48.56,3.96,-0.28
ENJSA,103.7,🔴 Düşüş Trendinde,🔥 GÜÇLÜ AL (Taze Kırılım),-,-,🟢 EMA Yükselişte (SSL Ok Bekleniyor),🚨 BB SIKIŞMA,⚪Fiyat Alt_Orta Bant Aralığında,43.43,65.58,-0.47
ENKAI,89.55,🔴 Düşüş Trendinde,🔴 SAT,-,-,🟢 EMA Yükselişte (SSL Ok Bekleniyor),🚨 BB SIKIŞMA,⚪Fiyat Alt_Orta Bant Aralığında,40.01,44.87,-0.02
ENPRA,64.6,🩸 SAT (Trend Kırıldı),🔴 SAT,-,-,-,-,⚪Fiyat Alt_Orta Bant Aralığında,35.85,45.1,-0.05
ENSRI,5.96,🔴 Düşüş Trendinde,🔥 GÜÇLÜ AL (Taze Kırılım),-,-,🔴 Ayı Piyasası (EMA 50 En Altta),⚪ Yelpaze Açık,⚪Fiyat Alt_Orta Bant Aralığında,31.31,35.08,-0.81
ENTRA,4.58,🟢 Yükseliş Trendinde,🔴 SAT,-,-,⚠️ Yükseliş Trendinde Düzeltme (SSL Negatif),🟡 Normal Genişlik,⚪Fiyat Alt_Orta Bant Aralığında,43.0,3.93,-0.9
EPLAS,5.57,🔴 Düşüş Trendinde,🔴 SAT,-,-,🔴 Ayı Piyasası (EMA 50 En Altta),⚪ Yelpaze Açık,⚪Fiyat Alt_Orta Bant Aralığında,41.48,49.1,-0.11
ERBOS,170.6,🟢 Yükseliş Trendinde,🔴 SAT,-,-,🔴 Ayı Piyasası (EMA 50 En Altta),⚪ Yelpaze Açık,⚪Fiyat Alt_Orta Bant Aralığında,41.29,44.87,-0.29
ERCB,47.6,🔴 Düşüş Trendinde,🔴 SAT,-,-,🩸 ASIL SİNYAL: GÜÇLÜ SAT (EMA Çöktü + SSL Onay),⚪ Yelpaze Açık,⚪Fiyat Alt_Orta Bant Aralığında,33.7,43.16,-0.77
EREGL,39.84,🟢 Yükseliş Trendinde,🔴 SAT,-,-,⚠️ Yükseliş Trendinde Düzeltme (SSL Negatif),🚨 BB SIKIŞMA,⚪Fiyat Alt_Orta Bant Aralığında,49.76,12.15,0.05
ERSU,23.26,🔴 Düşüş Trendinde,🔴 SAT,-,-,⚠️ Yükseliş Trendinde Düzeltme (SSL Negatif),⚪ Yelpaze Açık,⚪Fiyat Alt_Orta Bant Aralığında,38.54,22.9,-0.76
ESCAR,48.68,🟢 Yükseliş Trendinde,🟢 AL (Trend Onaylı),-,-,🟢 EMA Yükselişte (SSL Ok Bekleniyor),🚨 BB SIKIŞMA,🟡Fiyat Orta-Üst Bant Aralığında,51.24,63.0,-0.01
ESCOM,6.07,🟢 Yükseliş Trendinde,🟢 AL (Trend Onaylı),-,-,🟢 EMA Yükselişte (SSL Ok Bekleniyor),🚨 BB SIKIŞMA,🟡Fiyat Orta-Üst Bant Aralığında,55.17,24.89,-0.3
ESEN,3.53,🔴 Düşüş Trendinde,🔴 SAT,-,-,🔴 Ayı Piyasası (EMA 50 En Altta),🟠 Daralıyor,⚪Fiyat Alt_Orta Bant Aralığında,35.56,4.1,-0.87
ETILR,5.92,🟢 Yükseliş Trendinde,🟢 AL (Trend Onaylı),-,-,🟢 EMA Yükselişte (SSL Ok Bekleniyor),⚪ Yelpaze Açık,🟡Fiyat Orta-Üst Bant Aralığında,59.81,100.0,0.15
ETYAT,13.9,🟢 Yükseliş Trendinde,⏳ BEKLE,🩸 SAT (Zirveden Dönüş),-,⚠️ Yükseliş Trendinde Düzeltme (SSL Negatif),🟡 Normal Genişlik,🟡Fiyat Orta-Üst Bant Aralığında,68.27,51.41,0.86
EUHOL,10.1,🔴 Düşüş Trendinde,🔴 SAT,-,🟢 POTANSİYEL DİP,🔴 Ayı Piyasası (EMA 50 En Altta),🟠 Daralıyor,⚪Fiyat Alt_Orta Bant Aralığında,31.89,0.0,-0.96
EUKYO,12.16,🟢 Yükseliş Trendinde,⏳ BEKLE,-,-,🟢 EMA Yükselişte (SSL Ok Bekleniyor),⚪ Yelpaze Açık,🟡Fiyat Orta-Üst Bant Aralığında,75.62,29.11,0.92
EUPWR,87.5,🔴 Düşüş Trendinde,🟢 AL (Trend Onaylı),-,-,⚠️ Yükseliş Trendinde Düzeltme (SSL Negatif),🟡 Normal Genişlik,⚪Fiyat Alt_Orta Bant Aralığında,54.51,48.02,-0.16
EUREN,4.18,🔴 Düşüş Trendinde,🔴 SAT,-,🟢 POTANSİYEL DİP,🔴 Ayı Piyasası (EMA 50 En Altta),🟠 Daralıyor,🚨Fiyat Bandın Altında!,24.86,3.96,-0.89
EUYO,4.98,🔴 Düşüş Trendinde,🔴 SAT,-,🟢 POTANSİYEL DİP,⚠️ Yükseliş Trendinde Düzeltme (SSL Negatif),⚪ Yelpaze Açık,🚨Fiyat Bandın Altında!,26.3,0.0,-0.94
EYGYO,2.36,🔴 Düşüş Trendinde,⏳ BEKLE,-,-,🔴 Ayı Piyasası (EMA 50 En Altta),🟠 Daralıyor,⚪Fiyat Alt_Orta Bant Aralığında,38.11,32.8,-0.84
FADE,14.86,🔴 Düşüş Trendinde,🔴 SAT,🔴 ZAYIFLAMA (Zaten Dipte),-,⚠️ Yükseliş Trendinde Düzeltme (SSL Negatif),⚪ Yelpaze Açık,⚪Fiyat Alt_Orta Bant Aralığında,38.52,36.75,-0.66
FENER,3.14,🔴 Düşüş Trendinde,🟢 AL (Trend Onaylı),-,-,🔴 Ayı Piyasası (EMA 50 En Altta),🟠 Daralıyor,🟡Fiyat Orta-Üst Bant Aralığında,45.89,93.61,-0.21
FLAP,10.53,🔴 Düşüş Trendinde,🔴 SAT,-,-,⚠️ Yükseliş Trendinde Düzeltme (SSL Negatif),⚪ Yelpaze Açık,⚪Fiyat Alt_Orta Bant Aralığında,29.9,6.99,-0.89
FMIZP,296.5,🟢 Yükseliş Trendinde,🔴 SAT,-,-,🔴 Ayı Piyasası (EMA 50 En Altta),🟠 Daralıyor,⚪Fiyat Alt_Orta Bant Aralığında,47.65,32.65,0.42
FONET,4.95,🔴 Düşüş Trendinde,🔴 SAT,-,-,⚠️ Yükseliş Trendinde Düzeltme (SSL Negatif),🟠 Daralıyor,⚪Fiyat Alt_Orta Bant Aralığında,36.59,0.0,-0.96
FORMT,2.04,🔴 Düşüş Trendinde,🔴 SAT,-,🟢 POTANSİYEL DİP,🔴 Ayı Piyasası (EMA 50 En Altta),🟡 Normal Genişlik,🚨Fiyat Bandın Altında!,27.32,0.0,-0.73
FORTE,93.5,🟢 Yükseliş Trendinde,🔴 SAT,-,-,🟢 EMA Yükselişte (SSL Ok Bekleniyor),🟠 Daralıyor,🟡Fiyat Orta-Üst Bant Aralığında,49.69,53.84,0.54
FRIGO,1.97,🔴 Düşüş Trendinde,🟢 AL (Trend Onaylı),-,-,🔴 Ayı Piyasası (EMA 50 En Altta),⚪ Yelpaze Açık,⚪Fiyat Alt_Orta Bant Aralığında,37.36,100.0,-0.08
FRMPL,33.08,🔴 Düşüş Trendinde,🔴 SAT,-,-,-,⚪ Yelpaze Açık,⚪Fiyat Alt_Orta Bant Aralığında,34.84,1.41,-0.88
FROTO,81.0,🔴 Düşüş Trendinde,🔴 SAT,-,-,🔴 Ayı Piyasası (EMA 50 En Altta),⚪ Yelpaze Açık,⚪Fiyat Alt_Orta Bant Aralığında,33.08,7.79,-0.97
FZLGY,13.15,🔴 Düşüş Trendinde,🔴 SAT,-,-,⚠️ Yükseliş Trendinde Düzeltme (SSL Negatif),⚪ Yelpaze Açık,⚪Fiyat Alt_Orta Bant Aralığında,37.39,7.22,-0.79
GARAN,130.6,🔴 Düşüş Trendinde,🔴 SAT,-,-,🔴 Ayı Piyasası (EMA 50 En Altta),🚨 BB SIKIŞMA,⚪Fiyat Alt_Orta Bant Aralığında,40.88,3.65,-0.92
GARFA,27.4,🔴 Düşüş Trendinde,⏳ BEKLE,🟢 POTANSİYEL DİP (0 Altı - Hacimsiz),-,⚠️ Yükseliş Trendinde Düzeltme (SSL Negatif),⚪ Yelpaze Açık,⚪Fiyat Alt_Orta Bant Aralığında,34.41,5.6,-0.97
GATEG,295.0,🔥 AL (Taze Kırılım),🟢 AL (Trend Onaylı),-,-,"📉 Düşüş Hazırlığı (50<100 Kesti, 150 Bekleniyor)",🚨 BB SIKIŞMA,🟡Fiyat Orta-Üst Bant Aralığında,54.38,92.76,0.02
GEDIK,7.22,🟢 Yükseliş Trendinde,⏳ BEKLE,-,-,⚠️ Yükseliş Trendinde Düzeltme (SSL Negatif),⚪ Yelpaze Açık,🟡Fiyat Orta-Üst Bant Aralığında,54.01,24.94,0.35
GEDZA,29.46,🔴 Düşüş Trendinde,🔴 SAT,-,-,⚠️ Yükseliş Trendinde Düzeltme (SSL Negatif),🟡 Normal Genişlik,⚪Fiyat Alt_Orta Bant Aralığında,35.12,2.43,-0.87
GENIL,9.19,🟢 Yükseliş Trendinde,🔥 GÜÇLÜ AL (Taze Kırılım),🟢 POTANSİYEL DİP (0 Altı - Hacimsiz),-,🔴 Ayı Piyasası (EMA 50 En Altta),🚨 BB SIKIŞMA,🟡Fiyat Orta-Üst Bant Aralığında,52.27,27.68,-0.59
GENKM,12.93,🔴 Düşüş Trendinde,🔴 SAT,-,-,-,-,⚪Fiyat Alt_Orta Bant Aralığında,34.45,0.0,-0.93
GENTS,5.95,🔴 Düşüş Trendinde,🔴 SAT,-,-,🔴 Ayı Piyasası (EMA 50 En Altta),🟡 Normal Genişlik,⚪Fiyat Alt_Orta Bant Aralığında,30.1,11.64,-0.91
GEREL,30.42,🔴 Düşüş Trendinde,🔴 SAT,-,🟢 POTANSİYEL DİP,⚠️ Yükseliş Trendinde Düzeltme (SSL Negatif),⚪ Yelpaze Açık,🚨Fiyat Bandın Altında!,29.41,0.0,-0.85
GESAN,79.95,🔴 Düşüş Trendinde,🟢 AL (Trend Onaylı),-,-,⚠️ Yükseliş Trendinde Düzeltme (SSL Negatif),⚪ Yelpaze Açık,🟡Fiyat Orta-Üst Bant Aralığında,57.01,95.25,0.37
GIPTA,63.1,🔴 Düşüş Trendinde,🔴 SAT,-,-,🔴 Ayı Piyasası (EMA 50 En Altta),🟡 Normal Genişlik,🚨Fiyat Bandın Altında!,35.08,0.0,-0.83
GLBMD,13.8,🟢 Yükseliş Trendinde,🔴 SAT,-,-,⚠️ Yükseliş Trendinde Düzeltme (SSL Negatif),⚪ Yelpaze Açık,🟡Fiyat Orta-Üst Bant Aralığında,55.23,9.93,0.32
GLCVY,54.75,🔴 Düşüş Trendinde,🔴 SAT,-,🟢 POTANSİYEL DİP,🔴 Ayı Piyasası (EMA 50 En Altta),⚪ Yelpaze Açık,⚪Fiyat Alt_Orta Bant Aralığında,34.25,2.72,-0.94
GLRMK,159.7,🔴 Düşüş Trendinde,🔴 SAT,-,🟢 POTANSİYEL DİP,🔴 Ayı Piyasası (EMA 50 En Altta),🟠 Daralıyor,⚪Fiyat Alt_Orta Bant Aralığında,31.11,0.69,-0.97
GLRYH,3.39,🔴 Düşüş Trendinde,⏳ BEKLE,🩸 SAT (Zirveden Dönüş),-,🔴 Ayı Piyasası (EMA 50 En Altta),🚨 BB SIKIŞMA,🟡Fiyat Orta-Üst Bant Aralığında,49.88,81.29,0.74
GLYHO,17.85,🟢 Yükseliş Trendinde,🔴 SAT,-,-,⚠️ Yükseliş Trendinde Düzeltme (SSL Negatif),🟠 Daralıyor,⚪Fiyat Alt_Orta Bant Aralığında,55.75,3.51,-0.24
GMTAS,45.0,🔴 Düşüş Trendinde,⏳ BEKLE,🔴 ZAYIFLAMA (Zaten Dipte),-,⚠️ Yükseliş Trendinde Düzeltme (SSL Negatif),🚨 BB SIKIŞMA,⚪Fiyat Alt_Orta Bant Aralığında,48.69,25.68,-0.5
GOKNR,22.96,🔴 Düşüş Trendinde,🔴 SAT,🔴 ZAYIFLAMA (Zaten Dipte),-,⚠️ Yükseliş Trendinde Düzeltme (SSL Negatif),⚪ Yelpaze Açık,⚪Fiyat Alt_Orta Bant Aralığında,41.34,10.37,-0.82
GOLDA,11.13,-,-,-,-,-,-,-,,,
GOLTS,318.75,🔴 Düşüş Trendinde,🔴 SAT,-,-,🔴 Ayı Piyasası (EMA 50 En Altta),🚨 BB SIKIŞMA,⚪Fiyat Alt_Orta Bant Aralığında,35.08,28.82,-0.04
GOODY,2.9,🔴 Düşüş Trendinde,⏳ BEKLE,🟢 POTANSİYEL DİP (0 Altı - Hacimsiz),-,⚠️ Yükseliş Trendinde Düzeltme (SSL Negatif),⚪ Yelpaze Açık,⚪Fiyat Alt_Orta Bant Aralığında,45.77,4.92,-0.85
GOZDE,22.58,🟢 Yükseliş Trendinde,🔴 SAT,-,-,⚠️ Yükseliş Trendinde Düzeltme (SSL Negatif),⚪ Yelpaze Açık,⚪Fiyat Alt_Orta Bant Aralığında,49.08,2.36,-0.18
GRNYO,16.16,🔴 Düşüş Trendinde,🔴 SAT,-,🟢 POTANSİYEL DİP,⚠️ Yükseliş Trendinde Düzeltme (SSL Negatif),🟠 Daralıyor,🚨Fiyat Bandın Altında!,29.66,4.57,-0.81
GRSEL,296.5,🔴 Düşüş Trendinde,🔴 SAT,-,-,🔴 Ayı Piyasası (EMA 50 En Altta),🟠 Daralıyor,⚪Fiyat Alt_Orta Bant Aralığında,38.97,12.52,-0.58
GRTHO,238.4,🟢 Yükseliş Trendinde,🔴 SAT,-,-,🔴 Ayı Piyasası (EMA 50 En Altta),🚨 BB SIKIŞMA,⚪Fiyat Alt_Orta Bant Aralığında,50.23,11.01,-0.63
GSDDE,13.3,🟢 Yükseliş Trendinde,⏳ BEKLE,🩸 SAT (Zirveden Dönüş),-,⚪ Karışık / Testere Piyasası,⚪ Yelpaze Açık,🟡Fiyat Orta-Üst Bant Aralığında,50.04,58.66,0.65
GSDHO,5.52,🟢 Yükseliş Trendinde,🔴 SAT,-,-,⚠️ Yükseliş Trendinde Düzeltme (SSL Negatif),🟠 Daralıyor,⚪Fiyat Alt_Orta Bant Aralığında,44.36,16.92,0.17
GSRAY,1.0,🔴 Düşüş Trendinde,🔴 SAT,🟢 POTANSİYEL DİP (0 Altı - Hacimsiz),🚀 KUSURSUZ DİP,🔴 Ayı Piyasası (EMA 50 En Altta),🟡 Normal Genişlik,⚪Fiyat Alt_Orta Bant Aralığında,31.63,14.04,-0.94
GUBRF,437.75,🔴 Düşüş Trendinde,🔴 SAT,-,-,⚠️ Yükseliş Trendinde Düzeltme (SSL Negatif),⚪ Yelpaze Açık,⚪Fiyat Alt_Orta Bant Aralığında,37.13,20.01,-0.78
GUNDG,1948.0,🟢 Yükseliş Trendinde,⏳ BEKLE,-,-,⚪ Karışık / Testere Piyasası,⚪ Yelpaze Açık,🟡Fiyat Orta-Üst Bant Aralığında,79.58,91.44,0.99
GWIND,24.04,🔴 Düşüş Trendinde,🔴 SAT,-,🟢 POTANSİYEL DİP,"📉 Düşüş Hazırlığı (50<100 Kesti, 150 Bekleniyor)",⚪ Yelpaze Açık,⚪Fiyat Alt_Orta Bant Aralığında,30.25,2.15,-0.99
GZNMI,55.3,🔴 Düşüş Trendinde,🔴 SAT,🟢 POTANSİYEL DİP (0 Altı - Hacimsiz),🚀 KUSURSUZ DİP,🔴 Ayı Piyasası (EMA 50 En Altta),⚪ Yelpaze Açık,🚨Fiyat Bandın Altında!,29.47,0.24,-0.86
HALKB,41.78,🟢 Yükseliş Trendinde,🔴 SAT,-,-,⚠️ Yükseliş Trendinde Düzeltme (SSL Negatif),⚪ Yelpaze Açık,⚪Fiyat Alt_Orta Bant Aralığında,41.36,3.25,-0.62
HATEK,16.2,🟢 Yükseliş Trendinde,🔴 SAT,-,-,"⚡ Yükseliş Hazırlığı (50>100 Kesti, 150 Bekleniyor)",🟠 Daralıyor,🟡Fiyat Orta-Üst Bant Aralığında,48.88,45.64,0.63
HATSN,55.45,🟢 Yükseliş Trendinde,🔴 SAT,🟢 POTANSİYEL DİP (0 Altı - Hacimsiz),-,⚠️ Yükseliş Trendinde Düzeltme (SSL Negatif),⚪ Yelpaze Açık,⚪Fiyat Alt_Orta Bant Aralığında,49.28,15.9,-0.82
HDFGS,2.65,🟢 Yükseliş Trendinde,⏳ BEKLE,-,-,🔴 Ayı Piyasası (EMA 50 En Altta),🟡 Normal Genişlik,⚪Fiyat Alt_Orta Bant Aralığında,46.97,49.32,0.41
HEDEF,184.5,🟢 Yükseliş Trendinde,🟢 AL (Trend Onaylı),-,🔴 ZİRVEDE,🟢 EMA Yükselişte (SSL Ok Bekleniyor),⚪ Yelpaze Açık,🚨Fiyat Bandın Üzerinde!,92.44,77.67,0.94
HEKTS,3.02,🔴 Düşüş Trendinde,🔴 SAT,-,-,⚠️ Yükseliş Trendinde Düzeltme (SSL Negatif),⚪ Yelpaze Açık,⚪Fiyat Alt_Orta Bant Aralığında,32.15,1.55,-0.91
HKTM,10.52,🔴 Düşüş Trendinde,🔴 SAT,-,-,🔴 Ayı Piyasası (EMA 50 En Altta),⚪ Yelpaze Açık,⚪Fiyat Alt_Orta Bant Aralığında,31.77,33.44,-0.78
HLGYO,5.35,🔴 Düşüş Trendinde,🔴 SAT,-,-,⚠️ Yükseliş Trendinde Düzeltme (SSL Negatif),⚪ Yelpaze Açık,⚪Fiyat Alt_Orta Bant Aralığında,37.33,7.94,-0.93
HOROZ,63.55,🔴 Düşüş Trendinde,🔴 SAT,-,-,🟢 EMA Yükselişte (SSL Ok Bekleniyor),⚪ Yelpaze Açık,⚪Fiyat Alt_Orta Bant Aralığında,43.07,19.54,-0.92
HRKET,99.85,🔴 Düşüş Trendinde,🔴 SAT,🟢 POTANSİYEL DİP (0 Altı - Hacimsiz),-,⚠️ Yükseliş Trendinde Düzeltme (SSL Negatif),⚪ Yelpaze Açık,⚪Fiyat Alt_Orta Bant Aralığında,45.95,6.68,-0.88
HTTBT,38.1,🔴 Düşüş Trendinde,🔴 SAT,🔴 ZAYIFLAMA (Zaten Dipte),-,🔴 Ayı Piyasası (EMA 50 En Altta),🟡 Normal Genişlik,⚪Fiyat Alt_Orta Bant Aralığında,36.41,22.71,-0.85
HUBVC,2.94,🔴 Düşüş Trendinde,⏳ BEKLE,-,-,🔴 Ayı Piyasası (EMA 50 En Altta),🚨 BB SIKIŞMA,⚪Fiyat Alt_Orta Bant Aralığında,44.43,79.93,-0.26
HUNER,3.42,🔴 Düşüş Trendinde,🔴 SAT,-,-,⚠️ Yükseliş Trendinde Düzeltme (SSL Negatif),⚪ Yelpaze Açık,🚨Fiyat Bandın Altında!,39.0,2.28,-0.64
HURGZ,6.23,🔴 Düşüş Trendinde,🔴 SAT,🔴 ZAYIFLAMA (Zaten Dipte),-,⚠️ Yükseliş Trendinde Düzeltme (SSL Negatif),🟡 Normal Genişlik,⚪Fiyat Alt_Orta Bant Aralığında,35.52,31.09,-0.74
ICBCT,20.9,🔴 Düşüş Trendinde,🔴 SAT,-,-,⚠️ Yükseliş Trendinde Düzeltme (SSL Negatif),🟡 Normal Genişlik,⚪Fiyat Alt_Orta Bant Aralığında,49.03,25.33,0.31
ICUGS,5.49,🔴 Düşüş Trendinde,⏳ BEKLE,-,-,🟢 EMA Yükselişte (SSL Ok Bekleniyor),🟠 Daralıyor,🟡Fiyat Orta-Üst Bant Aralığında,49.34,45.68,0.3
IDGYO,4.32,🩸 SAT (Trend Kırıldı),🔴 SAT,-,-,⚠️ Yükseliş Trendinde Düzeltme (SSL Negatif),⚪ Yelpaze Açık,⚪Fiyat Alt_Orta Bant Aralığında,41.73,3.5,-0.47
IEYHO,158.1,🟢 Yükseliş Trendinde,🟢 AL (Trend Onaylı),-,-,🟢 EMA Yükselişte (SSL Ok Bekleniyor),⚪ Yelpaze Açık,🟡Fiyat Orta-Üst Bant Aralığında,85.43,18.25,0.97
IHAAS,58.25,🔴 Düşüş Trendinde,🔴 SAT,🟢 POTANSİYEL DİP (0 Altı - Hacimsiz),-,⚠️ Yükseliş Trendinde Düzeltme (SSL Negatif),⚪ Yelpaze Açık,⚪Fiyat Alt_Orta Bant Aralığında,38.03,81.94,-0.7
IHEVA,2.03,🟢 Yükseliş Trendinde,🔴 SAT,-,-,🔴 Ayı Piyasası (EMA 50 En Altta),⚪ Yelpaze Açık,⚪Fiyat Alt_Orta Bant Aralığında,37.15,10.32,-0.79
IHGZT,1.32,🔴 Düşüş Trendinde,⏳ BEKLE,-,-,🔴 Ayı Piyasası (EMA 50 En Altta),🟡 Normal Genişlik,⚪Fiyat Alt_Orta Bant Aralığında,41.48,25.43,-0.7
IHLAS,1.12,🔴 Düşüş Trendinde,🔴 SAT,-,🟢 POTANSİYEL DİP,🔴 Ayı Piyasası (EMA 50 En Altta),⚪ Yelpaze Açık,⚪Fiyat Alt_Orta Bant Aralığında,28.4,46.8,-0.93
IHLGM,1.73,🔴 Düşüş Trendinde,🔴 SAT,🟢 POTANSİYEL DİP (0 Altı - Hacimsiz),-,🔴 Ayı Piyasası (EMA 50 En Altta),⚪ Yelpaze Açık,⚪Fiyat Alt_Orta Bant Aralığında,35.02,5.61,-0.96
IHYAY,1.38,🔴 Düşüş Trendinde,🔴 SAT,-,-,🔴 Ayı Piyasası (EMA 50 En Altta),⚪ Yelpaze Açık,⚪Fiyat Alt_Orta Bant Aralığında,25.2,0.0,-0.98
IMASM,2.87,🔴 Düşüş Trendinde,🔴 SAT,-,🟢 POTANSİYEL DİP,🔴 Ayı Piyasası (EMA 50 En Altta),🚨 BB SIKIŞMA,🚨Fiyat Bandın Altında!,29.72,11.84,-0.91
INDES,10.78,🔴 Düşüş Trendinde,🔴 SAT,🟢 POTANSİYEL DİP (0 Altı - Hacimsiz),-,⚠️ Yükseliş Trendinde Düzeltme (SSL Negatif),🚨 BB SIKIŞMA,⚪Fiyat Alt_Orta Bant Aralığında,44.18,18.03,-0.58
INFO,8.0,🟢 Yükseliş Trendinde,🟢 AL (Trend Onaylı),-,-,🟢 EMA Yükselişte (SSL Ok Bekleniyor),⚪ Yelpaze Açık,🟡Fiyat Orta-Üst Bant Aralığında,69.62,30.76,0.73
INGRM,416.75,🟢 Yükseliş Trendinde,🔴 SAT,-,-,🟢 EMA Yükselişte (SSL Ok Bekleniyor),🟡 Normal Genişlik,⚪Fiyat Alt_Orta Bant Aralığında,45.55,30.1,0.41
INTEK,238.9,🔴 Düşüş Trendinde,🔴 SAT,-,-,🔴 Ayı Piyasası (EMA 50 En Altta),⚪ Yelpaze Açık,⚪Fiyat Alt_Orta Bant Aralığında,46.61,38.92,0.55
INTEM,258.25,🔴 Düşüş Trendinde,🔴 SAT,-,-,🔴 Ayı Piyasası (EMA 50 En Altta),🟠 Daralıyor,⚪Fiyat Alt_Orta Bant Aralığında,43.82,55.35,0.37
INVEO,8.28,🟢 Yükseliş Trendinde,🔴 SAT,-,-,🔴 Ayı Piyasası (EMA 50 En Altta),⚪ Yelpaze Açık,🟡Fiyat Orta-Üst Bant Aralığında,49.92,48.88,0.58
INVES,601.0,🔴 Düşüş Trendinde,🔴 SAT,-,-,⚠️ Yükseliş Trendinde Düzeltme (SSL Negatif),⚪ Yelpaze Açık,⚪Fiyat Alt_Orta Bant Aralığında,40.52,4.56,-0.56
ISATR,4950000.0,🟢 Yükseliş Trendinde,🔴 SAT,-,-,🔴 Ayı Piyasası (EMA 50 En Altta),🚨 BB SIKIŞMA,🚨Fiyat Bandın Altında!,56.62,60.4,
ISBIR,66.65,🔴 Düşüş Trendinde,⏳ BEKLE,-,🟢 POTANSİYEL DİP,🔴 Ayı Piyasası (EMA 50 En Altta),⚪ Yelpaze Açık,⚪Fiyat Alt_Orta Bant Aralığında,31.74,36.22,-0.91
ISBTR,519997.5,🔴 Düşüş Trendinde,🔴 SAT,-,-,🟢 EMA Yükselişte (SSL Ok Bekleniyor),⚪ Yelpaze Açık,🟡Fiyat Orta-Üst Bant Aralığında,62.02,30.46,0.78
ISCTR,14.04,🔴 Düşüş Trendinde,🔴 SAT,-,-,⚠️ Yükseliş Trendinde Düzeltme (SSL Negatif),🚨 BB SIKIŞMA,⚪Fiyat Alt_Orta Bant Aralığında,43.25,5.54,-0.88
ISDMR,53.7,🔴 Düşüş Trendinde,🔴 SAT,-,-,⚠️ Yükseliş Trendinde Düzeltme (SSL Negatif),⚪ Yelpaze Açık,⚪Fiyat Alt_Orta Bant Aralığında,38.27,0.0,-0.94
ISFIN,19.26,🩸 SAT (Trend Kırıldı),🔴 SAT,-,🟢 POTANSİYEL DİP,⚠️ Yükseliş Trendinde Düzeltme (SSL Negatif),🟠 Daralıyor,⚪Fiyat Alt_Orta Bant Aralığında,34.46,0.0,-0.97
ISGSY,19.21,🟢 Yükseliş Trendinde,🔴 SAT,-,-,⚠️ Yükseliş Trendinde Düzeltme (SSL Negatif),⚪ Yelpaze Açık,⚪Fiyat Alt_Orta Bant Aralığında,44.18,2.51,-0.86
ISGYO,26.54,🟢 Yükseliş Trendinde,🟢 AL (Trend Onaylı),🩸 SAT (Zirveden Dönüş),-,🟢 EMA Yükselişte (SSL Ok Bekleniyor),⚪ Yelpaze Açık,🟡Fiyat Orta-Üst Bant Aralığında,67.67,38.52,0.75
ISKPL,6.52,🔴 Düşüş Trendinde,🟢 AL (Trend Onaylı),-,-,🔴 Ayı Piyasası (EMA 50 En Altta),⚪ Yelpaze Açık,⚪Fiyat Alt_Orta Bant Aralığında,30.71,91.02,-0.66
ISKUR,4125000.0,🟢 Yükseliş Trendinde,🟢 AL (Trend Onaylı),-,🔴 ZİRVEDE,-,-,🚨Fiyat Bandın Üzerinde!,71.71,100.0,0.81
ISMEN,34.8,🔴 Düşüş Trendinde,🔴 SAT,-,🟢 POTANSİYEL DİP,🔴 Ayı Piyasası (EMA 50 En Altta),🟠 Daralıyor,🚨Fiyat Bandın Altında!,30.43,10.09,-0.95
ISSEN,7.18,🔴 Düşüş Trendinde,🔴 SAT,-,🟢 POTANSİYEL DİP,🔴 Ayı Piyasası (EMA 50 En Altta),🟠 Daralıyor,⚪Fiyat Alt_Orta Bant Aralığında,32.06,0.4,-0.95
ISYAT,7.9,🔴 Düşüş Trendinde,🔴 SAT,-,-,🔴 Ayı Piyasası (EMA 50 En Altta),🟡 Normal Genişlik,⚪Fiyat Alt_Orta Bant Aralığında,42.75,5.17,-0.29
IZENR,9.12,🔴 Düşüş Trendinde,🔴 SAT,-,🟢 POTANSİYEL DİP,⚠️ Yükseliş Trendinde Düzeltme (SSL Negatif),🟡 Normal Genişlik,🚨Fiyat Bandın Altında!,34.24,3.65,-0.46
IZFAS,62.0,🔴 Düşüş Trendinde,🔴 SAT,-,-,⚠️ Yükseliş Trendinde Düzeltme (SSL Negatif),🟡 Normal Genişlik,⚪Fiyat Alt_Orta Bant Aralığında,42.52,6.8,-0.24
IZINV,63.9,🟢 Yükseliş Trendinde,⏳ BEKLE,🟢 POTANSİYEL DİP (0 Altı - Hacimsiz),-,🔴 Ayı Piyasası (EMA 50 En Altta),⚪ Yelpaze Açık,⚪Fiyat Alt_Orta Bant Aralığında,46.46,17.32,-0.91
IZMDC,9.37,🟢 Yükseliş Trendinde,🟢 AL (Trend Onaylı),🩸 SAT (Zirveden Dönüş),-,🟢 EMA Yükselişte (SSL Ok Bekleniyor),⚪ Yelpaze Açık,🟡Fiyat Orta-Üst Bant Aralığında,62.16,66.35,0.77
JANTS,17.1,🟢 Yükseliş Trendinde,🟢 AL (Trend Onaylı),-,-,🔴 Ayı Piyasası (EMA 50 En Altta),⚪ Yelpaze Açık,🟡Fiyat Orta-Üst Bant Aralığında,54.6,83.58,0.31
KAPLM,494.0,🔴 Düşüş Trendinde,🔴 SAT,-,-,⚠️ Yükseliş Trendinde Düzeltme (SSL Negatif),⚪ Yelpaze Açık,⚪Fiyat Alt_Orta Bant Aralığında,38.45,14.63,-0.89
KAREL,10.08,🔴 Düşüş Trendinde,🔴 SAT,-,-,⚠️ Yükseliş Trendinde Düzeltme (SSL Negatif),⚪ Yelpaze Açık,⚪Fiyat Alt_Orta Bant Aralığında,38.58,28.12,0.19
KARSN,11.74,🟢 Yükseliş Trendinde,🔴 SAT,-,-,⚠️ Yükseliş Trendinde Düzeltme (SSL Negatif),🟡 Normal Genişlik,🚨Fiyat Bandın Altında!,37.04,0.0,-0.85
KARTN,163.4,🟢 Yükseliş Trendinde,⏳ BEKLE,-,-,🟢 EMA Yükselişte (SSL Ok Bekleniyor),⚪ Yelpaze Açık,🟡Fiyat Orta-Üst Bant Aralığında,63.11,35.04,0.88
KATMR,2.55,🔴 Düşüş Trendinde,🔴 SAT,-,-,🔴 Ayı Piyasası (EMA 50 En Altta),🚨 BB SIKIŞMA,🚨Fiyat Bandın Altında!,35.31,5.68,-0.7
KAYSE,4.2,🔴 Düşüş Trendinde,🔴 SAT,-,🟢 POTANSİYEL DİP,🔴 Ayı Piyasası (EMA 50 En Altta),🚨 BB SIKIŞMA,🚨Fiyat Bandın Altında!,30.3,24.36,-0.74
KBORU,26.48,🟢 Yükseliş Trendinde,🔴 SAT,-,-,🟢 EMA Yükselişte (SSL Ok Bekleniyor),🟠 Daralıyor,🟡Fiyat Orta-Üst Bant Aralığında,55.84,25.69,0.49
KCAER,13.61,🟢 Yükseliş Trendinde,🔴 SAT,-,-,⚠️ Yükseliş Trendinde Düzeltme (SSL Negatif),🚨 BB SIKIŞMA,🚨Fiyat Bandın Altında!,38.48,0.0,-0.62
KCHOL,183.7,🟢 Yükseliş Trendinde,🔴 SAT,-,-,⚠️ Yükseliş Trendinde Düzeltme (SSL Negatif),🟠 Daralıyor,🚨Fiyat Bandın Altında!,38.63,4.21,-0.79
KENT,370.0,🔴 Düşüş Trendinde,🟢 AL (Trend Onaylı),-,-,🔴 Ayı Piyasası (EMA 50 En Altta),🟠 Daralıyor,⚪Fiyat Alt_Orta Bant Aralığında,42.99,81.73,-0.65
KERVN,6.27,🔴 Düşüş Trendinde,🔴 SAT,-,-,⚠️ Yükseliş Trendinde Düzeltme (SSL Negatif),🟠 Daralıyor,⚪Fiyat Alt_Orta Bant Aralığında,48.32,4.01,-0.88
KFEIN,8.73,🔴 Düşüş Trendinde,⏳ BEKLE,🔴 ZAYIFLAMA (Zaten Dipte),-,⚠️ Yükseliş Trendinde Düzeltme (SSL Negatif),⚪ Yelpaze Açık,⚪Fiyat Alt_Orta Bant Aralığında,33.98,2.54,-0.94
KGYO,8.21,🔴 Düşüş Trendinde,🔴 SAT,-,🟢 POTANSİYEL DİP,⚠️ Yükseliş Trendinde Düzeltme (SSL Negatif),⚪ Yelpaze Açık,🚨Fiyat Bandın Altında!,20.2,0.0,-0.78
KIMMR,14.9,🔴 Düşüş Trendinde,🔴 SAT,-,🟢 POTANSİYEL DİP,⚠️ Yükseliş Trendinde Düzeltme (SSL Negatif),⚪ Yelpaze Açık,⚪Fiyat Alt_Orta Bant Aralığında,27.48,0.0,-0.96
KLGYO,4.97,🟢 Yükseliş Trendinde,🔴 SAT,-,-,🔴 Ayı Piyasası (EMA 50 En Altta),🚨 BB SIKIŞMA,⚪Fiyat Alt_Orta Bant Aralığında,44.66,8.4,-0.26
KLKIM,27.1,🔴 Düşüş Trendinde,🔴 SAT,-,🟢 POTANSİYEL DİP,🔴 Ayı Piyasası (EMA 50 En Altta),⚪ Yelpaze Açık,🚨Fiyat Bandın Altında!,21.92,1.39,-0.98
KLMSN,31.0,🟢 Yükseliş Trendinde,🔴 SAT,-,-,⚠️ Yükseliş Trendinde Düzeltme (SSL Negatif),🟡 Normal Genişlik,⚪Fiyat Alt_Orta Bant Aralığında,42.29,33.91,0.25
KLNMA,9.92,🟢 Yükseliş Trendinde,⏳ BEKLE,-,-,🔴 Ayı Piyasası (EMA 50 En Altta),⚪ Yelpaze Açık,🟡Fiyat Orta-Üst Bant Aralığında,56.76,44.57,0.74
KLRHO,87.35,🔴 Düşüş Trendinde,🔴 SAT,-,-,🔴 Ayı Piyasası (EMA 50 En Altta),🚨 BB SIKIŞMA,⚪Fiyat Alt_Orta Bant Aralığında,39.92,20.26,-0.46
KLSER,25.28,🔴 Düşüş Trendinde,🔴 SAT,🟢 POTANSİYEL DİP (0 Altı - Hacimsiz),🚀 KUSURSUZ DİP,🔴 Ayı Piyasası (EMA 50 En Altta),⚪ Yelpaze Açık,⚪Fiyat Alt_Orta Bant Aralığında,31.87,3.35,-0.97
KLSYN,14.25,🟢 Yükseliş Trendinde,⏳ BEKLE,-,-,⚠️ Yükseliş Trendinde Düzeltme (SSL Negatif),🚨 BB SIKIŞMA,⚪Fiyat Alt_Orta Bant Aralığında,53.52,43.52,0.74
KLYPV,58.2,🔴 Düşüş Trendinde,🔴 SAT,-,-,🔴 Ayı Piyasası (EMA 50 En Altta),🟡 Normal Genişlik,⚪Fiyat Alt_Orta Bant Aralığında,41.82,5.96,-0.92
KMPUR,17.86,🔴 Düşüş Trendinde,⏳ BEKLE,-,-,⚠️ Yükseliş Trendinde Düzeltme (SSL Negatif),⚪ Yelpaze Açık,⚪Fiyat Alt_Orta Bant Aralığında,32.59,6.66,-0.85
KNFRT,11.89,🔴 Düşüş Trendinde,🔴 SAT,-,-,"⚡ Yükseliş Hazırlığı (50>100 Kesti, 150 Bekleniyor)",⚪ Yelpaze Açık,⚪Fiyat Alt_Orta Bant Aralığında,36.51,0.0,-0.95
KOCMT,4.17,🟢 Yükseliş Trendinde,⏳ BEKLE,-,-,🟢 EMA Yükselişte (SSL Ok Bekleniyor),⚪ Yelpaze Açık,🟡Fiyat Orta-Üst Bant Aralığında,64.27,41.75,0.88
KONKA,13.85,🟢 Yükseliş Trendinde,🔴 SAT,-,-,🔴 Ayı Piyasası (EMA 50 En Altta),🟠 Daralıyor,⚪Fiyat Alt_Orta Bant Aralığında,39.89,18.15,-0.39
KONTR,4.93,🟢 Yükseliş Trendinde,🟢 AL (Trend Onaylı),-,-,🔴 Ayı Piyasası (EMA 50 En Altta),⚪ Yelpaze Açık,🟡Fiyat Orta-Üst Bant Aralığında,47.42,100.0,-0.02
KONYA,3895.0,🟢 Yükseliş Trendinde,🔴 SAT,-,-,🔴 Ayı Piyasası (EMA 50 En Altta),⚪ Yelpaze Açık,🟡Fiyat Orta-Üst Bant Aralığında,48.68,33.48,0.56
KOPOL,6.23,🟢 Yükseliş Trendinde,🔴 SAT,-,-,⚠️ Yükseliş Trendinde Düzeltme (SSL Negatif),🟠 Daralıyor,⚪Fiyat Alt_Orta Bant Aralığında,45.0,12.78,-0.75
KORDS,81.4,🟢 Yükseliş Trendinde,🟢 AL (Trend Onaylı),-,-,🟢 EMA Yükselişte (SSL Ok Bekleniyor),⚪ Yelpaze Açık,🟡Fiyat Orta-Üst Bant Aralığında,58.19,94.25,0.31
KOTON,14.46,🟢 Yükseliş Trendinde,⏳ BEKLE,🔴 ZAYIFLAMA (Zaten Dipte),-,🩸 ASIL SİNYAL: GÜÇLÜ SAT (EMA Çöktü + SSL Onay),⚪ Yelpaze Açık,⚪Fiyat Alt_Orta Bant Aralığında,46.25,53.74,0.34
KRDMA,37.98,🔴 Düşüş Trendinde,🔴 SAT,-,-,⚠️ Yükseliş Trendinde Düzeltme (SSL Negatif),🚨 BB SIKIŞMA,⚪Fiyat Alt_Orta Bant Aralığında,40.47,0.0,-0.7
KRDMB,134.3,🟢 Yükseliş Trendinde,🔴 SAT,-,-,⚠️ Yükseliş Trendinde Düzeltme (SSL Negatif),🟡 Normal Genişlik,🟡Fiyat Orta-Üst Bant Aralığında,67.1,19.62,0.71
KRDMD,36.6,🔴 Düşüş Trendinde,🔴 SAT,-,-,⚠️ Yükseliş Trendinde Düzeltme (SSL Negatif),⚪ Yelpaze Açık,🚨Fiyat Bandın Altında!,37.16,2.75,-0.89
KRGYO,2.53,🟢 Yükseliş Trendinde,🔴 SAT,-,-,🔴 Ayı Piyasası (EMA 50 En Altta),⚪ Yelpaze Açık,⚪Fiyat Alt_Orta Bant Aralığında,39.75,8.79,-0.51
KRONT,24.18,🟢 Yükseliş Trendinde,🔴 SAT,-,-,🟢 EMA Yükselişte (SSL Ok Bekleniyor),⚪ Yelpaze Açık,🟡Fiyat Orta-Üst Bant Aralığında,57.25,39.9,0.79
KRPLS,9.06,🔴 Düşüş Trendinde,🔴 SAT,-,-,⚠️ Yükseliş Trendinde Düzeltme (SSL Negatif),🚨 BB SIKIŞMA,⚪Fiyat Alt_Orta Bant Aralığında,45.6,31.61,-0.42
KRSTL,10.2,🔴 Düşüş Trendinde,🔴 SAT,-,-,⚠️ Yükseliş Trendinde Düzeltme (SSL Negatif),🚨 BB SIKIŞMA,🚨Fiyat Bandın Altında!,37.51,0.0,-0.7
KRTEK,22.42,🔴 Düşüş Trendinde,🔴 SAT,-,-,🩸 ASIL SİNYAL: GÜÇLÜ SAT (EMA Çöktü + SSL Onay),🚨 BB SIKIŞMA,⚪Fiyat Alt_Orta Bant Aralığında,35.98,22.52,-0.76
KRVGD,2.76,🔴 Düşüş Trendinde,🔴 SAT,-,🟢 POTANSİYEL DİP,⚠️ Yükseliş Trendinde Düzeltme (SSL Negatif),🚨 BB SIKIŞMA,⚪Fiyat Alt_Orta Bant Aralığında,34.75,14.94,-0.89
KSTUR,2835.0,🟢 Yükseliş Trendinde,🔴 SAT,-,-,🔴 Ayı Piyasası (EMA 50 En Altta),🚨 BB SIKIŞMA,⚪Fiyat Alt_Orta Bant Aralığında,45.06,30.18,0.16
KTLEV,195.4,🟢 Yükseliş Trendinde,🟢 AL (Trend Onaylı),-,🔴 ZİRVEDE,🟢 EMA Yükselişte (SSL Ok Bekleniyor),🚨 BB SIKIŞMA,🚨Fiyat Bandın Üzerinde!,72.46,28.37,0.57
KTSKR,97.65,🟢 Yükseliş Trendinde,🔴 SAT,-,-,🟢 EMA Yükselişte (SSL Ok Bekleniyor),🟠 Daralıyor,⚪Fiyat Alt_Orta Bant Aralığında,43.75,27.91,0.23
KUTPO,84.0,🔴 Düşüş Trendinde,🔴 SAT,-,🟢 POTANSİYEL DİP,🔴 Ayı Piyasası (EMA 50 En Altta),🟡 Normal Genişlik,🚨Fiyat Bandın Altında!,31.97,6.78,-0.89
KUVVA,133.6,🔴 Düşüş Trendinde,🔴 SAT,-,-,⚠️ Yükseliş Trendinde Düzeltme (SSL Negatif),🟡 Normal Genişlik,⚪Fiyat Alt_Orta Bant Aralığında,41.73,53.0,-0.24
KUYAS,71.8,🟢 Yükseliş Trendinde,🔴 SAT,-,-,🟢 EMA Yükselişte (SSL Ok Bekleniyor),🟡 Normal Genişlik,⚪Fiyat Alt_Orta Bant Aralığında,44.64,64.13,0.46
KZBGY,2.26,🔴 Düşüş Trendinde,🔴 SAT,-,-,🔴 Ayı Piyasası (EMA 50 En Altta),⚪ Yelpaze Açık,⚪Fiyat Alt_Orta Bant Aralığında,25.08,3.4,-0.96
KZGYO,21.38,🔴 Düşüş Trendinde,🔴 SAT,-,🟢 POTANSİYEL DİP,🔴 Ayı Piyasası (EMA 50 En Altta),🟠 Daralıyor,🚨Fiyat Bandın Altında!,32.21,19.43,-0.63
LIDER,93.4,🔴 Düşüş Trendinde,⏳ BEKLE,-,-,⚪ Karışık / Testere Piyasası,⚪ Yelpaze Açık,⚪Fiyat Alt_Orta Bant Aralığında,43.83,78.44,0.33
LIDFA,2.78,🟢 Yükseliş Trendinde,🔴 SAT,-,-,⚠️ Yükseliş Trendinde Düzeltme (SSL Negatif),⚪ Yelpaze Açık,⚪Fiyat Alt_Orta Bant Aralığında,37.15,0.0,-0.96
LILAK,32.6,🟢 Yükseliş Trendinde,🔴 SAT,-,-,⚠️ Yükseliş Trendinde Düzeltme (SSL Negatif),🟠 Daralıyor,🚨Fiyat Bandın Altında!,39.07,0.0,-0.56
LINK,6.87,🟢 Yükseliş Trendinde,🔴 SAT,-,-,"⚡ Yükseliş Hazırlığı (50>100 Kesti, 150 Bekleniyor)",🚨 BB SIKIŞMA,⚪Fiyat Alt_Orta Bant Aralığında,45.21,1.56,-0.16
LKMNH,14.46,🔴 Düşüş Trendinde,🔴 SAT,-,-,🔴 Ayı Piyasası (EMA 50 En Altta),🟠 Daralıyor,🚨Fiyat Bandın Altında!,36.39,20.54,-0.33
LMKDC,24.88,🔴 Düşüş Trendinde,🔴 SAT,-,🟢 POTANSİYEL DİP,🔴 Ayı Piyasası (EMA 50 En Altta),⚪ Yelpaze Açık,⚪Fiyat Alt_Orta Bant Aralığında,18.43,9.11,-0.93
LOGO,137.2,🔴 Düşüş Trendinde,⏳ BEKLE,-,-,🔴 Ayı Piyasası (EMA 50 En Altta),🟠 Daralıyor,⚪Fiyat Alt_Orta Bant Aralığında,44.31,63.03,-0.37
LRSHO,3.05,🔴 Düşüş Trendinde,🔴 SAT,-,🟢 POTANSİYEL DİP,🔴 Ayı Piyasası (EMA 50 En Altta),⚪ Yelpaze Açık,🚨Fiyat Bandın Altında!,30.2,0.0,-0.9
LUKSK,101.4,🟢 Yükseliş Trendinde,🔴 SAT,-,-,⚠️ Yükseliş Trendinde Düzeltme (SSL Negatif),🟡 Normal Genişlik,⚪Fiyat Alt_Orta Bant Aralığında,42.86,5.68,-0.75
LXGYO,13.48,🔴 Düşüş Trendinde,🔴 SAT,-,🟢 POTANSİYEL DİP,-,-,⚪Fiyat Alt_Orta Bant Aralığında,26.01,0.0,-0.95
LYDHO,185.1,🔴 Düşüş Trendinde,⏳ BEKLE,-,-,🟢 EMA Yükselişte (SSL Ok Bekleniyor),🟠 Daralıyor,🟡Fiyat Orta-Üst Bant Aralığında,49.14,39.26,0.61
LYDYE,13500.0,🔴 Düşüş Trendinde,🔴 SAT,-,-,🔴 Ayı Piyasası (EMA 50 En Altta),🟡 Normal Genişlik,⚪Fiyat Alt_Orta Bant Aralığında,37.45,72.01,0.08
MAALT,1102.0,🔴 Düşüş Trendinde,🔴 SAT,-,-,⚠️ Yükseliş Trendinde Düzeltme (SSL Negatif),🟠 Daralıyor,⚪Fiyat Alt_Orta Bant Aralığında,40.08,0.0,-0.57
MACKO,32.96,🔴 Düşüş Trendinde,🔴 SAT,-,-,⚠️ Yükseliş Trendinde Düzeltme (SSL Negatif),⚪ Yelpaze Açık,⚪Fiyat Alt_Orta Bant Aralığında,26.89,35.21,-0.88
MAGEN,34.08,🔴 Düşüş Trendinde,🟢 AL (Trend Onaylı),-,-,"📉 Düşüş Hazırlığı (50<100 Kesti, 150 Bekleniyor)",⚪ Yelpaze Açık,⚪Fiyat Alt_Orta Bant Aralığında,36.11,97.79,-0.29
MAKIM,19.0,🟢 Yükseliş Trendinde,🟢 AL (Trend Onaylı),-,-,🟢 EMA Yükselişte (SSL Ok Bekleniyor),⚪ Yelpaze Açık,🟡Fiyat Orta-Üst Bant Aralığında,53.63,63.47,0.06
MAKTK,11.98,🔴 Düşüş Trendinde,🔴 SAT,-,-,🔴 Ayı Piyasası (EMA 50 En Altta),🚨 BB SIKIŞMA,⚪Fiyat Alt_Orta Bant Aralığında,36.19,27.38,-0.56
MANAS,29.9,🟢 Yükseliş Trendinde,🔴 SAT,-,-,🟢 EMA Yükselişte (SSL Ok Bekleniyor),🚨 BB SIKIŞMA,🟡Fiyat Orta-Üst Bant Aralığında,59.74,25.5,0.67
MARBL,12.88,🟢 Yükseliş Trendinde,⏳ BEKLE,-,-,🔴 Ayı Piyasası (EMA 50 En Altta),🚨 BB SIKIŞMA,⚪Fiyat Alt_Orta Bant Aralığında,45.17,29.81,-0.45
MARKA,84.4,🟢 Yükseliş Trendinde,🔴 SAT,-,-,⚠️ Yükseliş Trendinde Düzeltme (SSL Negatif),⚪ Yelpaze Açık,⚪Fiyat Alt_Orta Bant Aralığında,59.26,2.64,-0.68
MARMR,2.19,🔴 Düşüş Trendinde,🔴 SAT,-,🟢 POTANSİYEL DİP,🔴 Ayı Piyasası (EMA 50 En Altta),🚨 BB SIKIŞMA,🚨Fiyat Bandın Altında!,30.91,32.01,-0.29
MARTI,1.6,🔴 Düşüş Trendinde,🔴 SAT,🟢 POTANSİYEL DİP (0 Altı - Hacimsiz),-,🔴 Ayı Piyasası (EMA 50 En Altta),🟡 Normal Genişlik,⚪Fiyat Alt_Orta Bant Aralığında,32.53,4.55,-0.95
MAVI,37.76,🔴 Düşüş Trendinde,🔴 SAT,🔴 ZAYIFLAMA (Zaten Dipte),-,🔴 Ayı Piyasası (EMA 50 En Altta),⚪ Yelpaze Açık,⚪Fiyat Alt_Orta Bant Aralığında,35.74,56.3,-0.66
MCARD,144.9,🔴 Düşüş Trendinde,🔴 SAT,-,🟢 POTANSİYEL DİP,-,-,⚪Fiyat Alt_Orta Bant Aralığında,28.8,0.0,-0.95
MEDTR,28.52,🔴 Düşüş Trendinde,⏳ BEKLE,🔴 ZAYIFLAMA (Zaten Dipte),-,🔴 Ayı Piyasası (EMA 50 En Altta),🟡 Normal Genişlik,⚪Fiyat Alt_Orta Bant Aralığında,41.42,63.75,-0.58
MEGAP,2.0,🔴 Düşüş Trendinde,🔴 SAT,-,-,🩸 ASIL SİNYAL: GÜÇLÜ SAT (EMA Çöktü + SSL Onay),⚪ Yelpaze Açık,⚪Fiyat Alt_Orta Bant Aralığında,28.22,35.98,-0.88
MEGMT,70.6,🔴 Düşüş Trendinde,🔴 SAT,-,-,⚠️ Yükseliş Trendinde Düzeltme (SSL Negatif),⚪ Yelpaze Açık,⚪Fiyat Alt_Orta Bant Aralığında,33.59,2.63,-0.95
MEKAG,3.52,🔴 Düşüş Trendinde,⏳ BEKLE,-,-,🔴 Ayı Piyasası (EMA 50 En Altta),🚨 BB SIKIŞMA,⚪Fiyat Alt_Orta Bant Aralığında,36.46,81.04,-0.73
MEPET,21.6,🔴 Düşüş Trendinde,🔴 SAT,-,-,⚠️ Yükseliş Trendinde Düzeltme (SSL Negatif),⚪ Yelpaze Açık,⚪Fiyat Alt_Orta Bant Aralığında,39.27,30.54,-0.74
MERCN,23.6,🟢 Yükseliş Trendinde,🔴 SAT,-,-,⚠️ Yükseliş Trendinde Düzeltme (SSL Negatif),🟡 Normal Genişlik,⚪Fiyat Alt_Orta Bant Aralığında,44.3,0.35,-0.77
MERIT,17.89,🟢 Yükseliş Trendinde,🟢 AL (Trend Onaylı),-,-,"⚡ Yükseliş Hazırlığı (50>100 Kesti, 150 Bekleniyor)",🟠 Daralıyor,🟡Fiyat Orta-Üst Bant Aralığında,54.83,41.52,-0.18
MERKO,1.59,🔴 Düşüş Trendinde,⏳ BEKLE,🔴 ZAYIFLAMA (Zaten Dipte),-,🔴 Ayı Piyasası (EMA 50 En Altta),🟡 Normal Genişlik,⚪Fiyat Alt_Orta Bant Aralığında,26.49,81.1,-0.57
METRO,8.48,🟢 Yükseliş Trendinde,🔴 SAT,-,-,⚠️ Yükseliş Trendinde Düzeltme (SSL Negatif),🚨 BB SIKIŞMA,⚪Fiyat Alt_Orta Bant Aralığında,49.59,11.64,-0.12
MEYSU,12.87,🔴 Düşüş Trendinde,🔴 SAT,-,-,-,⚪ Yelpaze Açık,⚪Fiyat Alt_Orta Bant Aralığında,24.17,1.73,-0.96
MGROS,626.0,🔴 Düşüş Trendinde,🔴 SAT,🔴 ZAYIFLAMA (Zaten Dipte),-,⚠️ Yükseliş Trendinde Düzeltme (SSL Negatif),⚪ Yelpaze Açık,⚪Fiyat Alt_Orta Bant Aralığında,36.02,22.75,-0.91
MHRGY,3.63,🔴 Düşüş Trendinde,🔴 SAT,-,-,⚠️ Yükseliş Trendinde Düzeltme (SSL Negatif),🟡 Normal Genişlik,⚪Fiyat Alt_Orta Bant Aralığında,36.46,2.21,-0.85
MIATK,30.84,🔴 Düşüş Trendinde,🔴 SAT,-,-,⚠️ Yükseliş Trendinde Düzeltme (SSL Negatif),⚪ Yelpaze Açık,⚪Fiyat Alt_Orta Bant Aralığında,21.66,0.67,-0.96
MMCAS,57.0,🔴 Düşüş Trendinde,🔴 SAT,-,-,🔴 Ayı Piyasası (EMA 50 En Altta),🟡 Normal Genişlik,⚪Fiyat Alt_Orta Bant Aralığında,38.33,5.34,-0.79
MNDRS,10.95,🔴 Düşüş Trendinde,🔴 SAT,-,-,🔴 Ayı Piyasası (EMA 50 En Altta),🚨 BB SIKIŞMA,⚪Fiyat Alt_Orta Bant Aralığında,37.56,7.73,-0.95
MNDTR,5.54,🔴 Düşüş Trendinde,⏳ BEKLE,-,🟢 POTANSİYEL DİP,🔴 Ayı Piyasası (EMA 50 En Altta),🟠 Daralıyor,🚨Fiyat Bandın Altında!,33.69,0.0,-0.97
MOBTL,14.71,🔴 Düşüş Trendinde,🟢 AL (Trend Onaylı),-,-,🟢 EMA Yükselişte (SSL Ok Bekleniyor),🚨 BB SIKIŞMA,🟡Fiyat Orta-Üst Bant Aralığında,56.82,95.91,0.72
MOGAN,15.62,🟢 Yükseliş Trendinde,🟢 AL (Trend Onaylı),-,-,🟢 EMA Yükselişte (SSL Ok Bekleniyor),⚪ Yelpaze Açık,🟡Fiyat Orta-Üst Bant Aralığında,61.45,73.75,0.62
MOPAS,31.32,🔴 Düşüş Trendinde,🔴 SAT,-,🟢 POTANSİYEL DİP,🔴 Ayı Piyasası (EMA 50 En Altta),🟡 Normal Genişlik,⚪Fiyat Alt_Orta Bant Aralığında,31.01,22.44,-0.79
MPARK,412.75,🔴 Düşüş Trendinde,🔴 SAT,-,-,⚠️ Yükseliş Trendinde Düzeltme (SSL Negatif),🟡 Normal Genişlik,⚪Fiyat Alt_Orta Bant Aralığında,37.14,8.85,-0.88
MRGYO,1.41,🔴 Düşüş Trendinde,🔴 SAT,-,🟢 POTANSİYEL DİP,🔴 Ayı Piyasası (EMA 50 En Altta),🟡 Normal Genişlik,⚪Fiyat Alt_Orta Bant Aralığında,30.11,0.0,-0.98
MRSHL,1981.0,🟢 Yükseliş Trendinde,🔴 SAT,-,-,🟢 EMA Yükselişte (SSL Ok Bekleniyor),⚪ Yelpaze Açık,🟡Fiyat Orta-Üst Bant Aralığında,54.81,5.65,0.71
MSGYO,6.17,🟢 Yükseliş Trendinde,⏳ BEKLE,-,-,⚠️ Yükseliş Trendinde Düzeltme (SSL Negatif),🟡 Normal Genişlik,⚪Fiyat Alt_Orta Bant Aralığında,45.28,30.7,-0.74
MTRKS,29.72,🟢 Yükseliş Trendinde,⏳ BEKLE,-,-,⚠️ Yükseliş Trendinde Düzeltme (SSL Negatif),🟠 Daralıyor,⚪Fiyat Alt_Orta Bant Aralığında,54.37,12.47,-0.46
MTRYO,10.49,🟢 Yükseliş Trendinde,🔴 SAT,-,-,⚠️ Yükseliş Trendinde Düzeltme (SSL Negatif),🟠 Daralıyor,⚪Fiyat Alt_Orta Bant Aralığında,48.4,5.13,-0.43
MZHLD,5.62,🔴 Düşüş Trendinde,🔴 SAT,-,🟢 POTANSİYEL DİP,🔴 Ayı Piyasası (EMA 50 En Altta),🟠 Daralıyor,⚪Fiyat Alt_Orta Bant Aralığında,29.45,9.11,-0.95
NATEN,6.36,🔴 Düşüş Trendinde,🔴 SAT,🔴 ZAYIFLAMA (Zaten Dipte),-,🔴 Ayı Piyasası (EMA 50 En Altta),🟡 Normal Genişlik,⚪Fiyat Alt_Orta Bant Aralığında,38.36,56.78,-0.76
NETAS,60.95,🔴 Düşüş Trendinde,🔴 SAT,-,-,⚠️ Yükseliş Trendinde Düzeltme (SSL Negatif),⚪ Yelpaze Açık,⚪Fiyat Alt_Orta Bant Aralığında,37.95,1.06,-0.9
NETCD,144.2,🔴 Düşüş Trendinde,🔴 SAT,-,-,-,-,⚪Fiyat Alt_Orta Bant Aralığında,39.76,42.28,-0.2
NIBAS,4.24,🔴 Düşüş Trendinde,🔴 SAT,🟢 POTANSİYEL DİP (0 Altı - Hacimsiz),-,🔴 Ayı Piyasası (EMA 50 En Altta),🚨 BB SIKIŞMA,⚪Fiyat Alt_Orta Bant Aralığında,35.38,76.18,-0.48
NTGAZ,11.79,🔴 Düşüş Trendinde,🟢 AL (Trend Onaylı),-,-,🟢 EMA Yükselişte (SSL Ok Bekleniyor),🟡 Normal Genişlik,🟡Fiyat Orta-Üst Bant Aralığında,49.66,99.23,0.3
NTHOL,46.0,🟢 Yükseliş Trendinde,🟢 AL (Trend Onaylı),-,-,🔴 Ayı Piyasası (EMA 50 En Altta),⚪ Yelpaze Açık,🟡Fiyat Orta-Üst Bant Aralığında,58.32,46.42,0.16
NUGYO,9.17,🔴 Düşüş Trendinde,🔴 SAT,-,-,🔴 Ayı Piyasası (EMA 50 En Altta),⚪ Yelpaze Açık,⚪Fiyat Alt_Orta Bant Aralığında,35.32,3.7,-0.89
NUHCM,221.5,🟢 Yükseliş Trendinde,⏳ BEKLE,-,-,🔴 Ayı Piyasası (EMA 50 En Altta),🚨 BB SIKIŞMA,⚪Fiyat Alt_Orta Bant Aralığında,46.18,45.43,0.23
OBAMS,5.33,🔴 Düşüş Trendinde,🔴 SAT,-,-,🔴 Ayı Piyasası (EMA 50 En Altta),⚪ Yelpaze Açık,⚪Fiyat Alt_Orta Bant Aralığında,17.57,0.89,-0.98
OBASE,39.26,🟢 Yükseliş Trendinde,🟢 AL (Trend Onaylı),-,-,🟢 EMA Yükselişte (SSL Ok Bekleniyor),🟡 Normal Genişlik,⚪Fiyat Alt_Orta Bant Aralığında,50.49,78.91,0.0
ODAS,8.11,🔴 Düşüş Trendinde,⏳ BEKLE,-,-,⚠️ Yükseliş Trendinde Düzeltme (SSL Negatif),⚪ Yelpaze Açık,⚪Fiyat Alt_Orta Bant Aralığında,49.66,3.77,-0.83
ODINE,1982.0,🟢 Yükseliş Trendinde,🟢 AL (Trend Onaylı),🟡 RİSKLİ AL (0 Üstü - Hacimsiz),-,🟢 EMA Yükselişte (SSL Ok Bekleniyor),🟡 Normal Genişlik,🟡Fiyat Orta-Üst Bant Aralığında,70.58,35.06,0.69
OFSYM,56.05,🔴 Düşüş Trendinde,🔴 SAT,-,-,🔴 Ayı Piyasası (EMA 50 En Altta),🟡 Normal Genişlik,⚪Fiyat Alt_Orta Bant Aralığında,43.62,34.78,-0.57
ONCSM,245.9,🔴 Düşüş Trendinde,🔴 SAT,🟢 POTANSİYEL DİP (0 Altı - Hacimsiz),-,🟢 EMA Yükselişte (SSL Ok Bekleniyor),🚨 BB SIKIŞMA,⚪Fiyat Alt_Orta Bant Aralığında,35.27,31.43,-0.87
ONRYT,63.0,🔴 Düşüş Trendinde,🔴 SAT,-,-,🔴 Ayı Piyasası (EMA 50 En Altta),🚨 BB SIKIŞMA,⚪Fiyat Alt_Orta Bant Aralığında,43.52,35.17,0.21
ORCAY,3.96,🔴 Düşüş Trendinde,🔴 SAT,-,-,🔴 Ayı Piyasası (EMA 50 En Altta),🟡 Normal Genişlik,⚪Fiyat Alt_Orta Bant Aralığında,40.04,52.24,-0.32
ORGE,105.6,🔴 Düşüş Trendinde,🔴 SAT,-,-,⚠️ Yükseliş Trendinde Düzeltme (SSL Negatif),⚪ Yelpaze Açık,⚪Fiyat Alt_Orta Bant Aralığında,44.3,4.78,-0.88
ORMA,177.0,🔴 Düşüş Trendinde,🔴 SAT,-,-,⚠️ Yükseliş Trendinde Düzeltme (SSL Negatif),⚪ Yelpaze Açık,⚪Fiyat Alt_Orta Bant Aralığında,38.8,37.16,-0.9
ORZAX,82.6,-,-,-,-,-,-,-,,,
OSMEN,8.79,🟢 Yükseliş Trendinde,⏳ BEKLE,🩸 SAT (Zirveden Dönüş),-,"⚡ Yükseliş Hazırlığı (50>100 Kesti, 150 Bekleniyor)",⚪ Yelpaze Açık,🟡Fiyat Orta-Üst Bant Aralığında,58.76,33.3,0.68
OSTIM,1.8,🔴 Düşüş Trendinde,🔴 SAT,-,-,🔴 Ayı Piyasası (EMA 50 En Altta),⚪ Yelpaze Açık,⚪Fiyat Alt_Orta Bant Aralığında,35.43,0.0,-0.81
OTKAR,346.75,🔴 Düşüş Trendinde,🔴 SAT,-,-,🔴 Ayı Piyasası (EMA 50 En Altta),⚪ Yelpaze Açık,⚪Fiyat Alt_Orta Bant Aralığında,40.17,14.49,0.06
OTTO,183.1,🔴 Düşüş Trendinde,🟢 AL (Trend Onaylı),-,-,🔴 Ayı Piyasası (EMA 50 En Altta),⚪ Yelpaze Açık,⚪Fiyat Alt_Orta Bant Aralığında,41.82,84.1,-0.46
OYAKC,19.97,🔴 Düşüş Trendinde,🔴 SAT,-,-,🔴 Ayı Piyasası (EMA 50 En Altta),🟡 Normal Genişlik,⚪Fiyat Alt_Orta Bant Aralığında,36.76,12.36,-0.72
OYAYO,47.32,🟢 Yükseliş Trendinde,🔴 SAT,-,-,"📉 Düşüş Hazırlığı (50<100 Kesti, 150 Bekleniyor)",⚪ Yelpaze Açık,⚪Fiyat Alt_Orta Bant Aralığında,39.97,0.21,-0.85
OYLUM,8.26,🔴 Düşüş Trendinde,🟢 AL (Trend Onaylı),-,-,🔴 Ayı Piyasası (EMA 50 En Altta),🟡 Normal Genişlik,🟡Fiyat Orta-Üst Bant Aralığında,49.43,85.89,0.48
OYYAT,39.98,🔴 Düşüş Trendinde,⏳ BEKLE,-,-,🔴 Ayı Piyasası (EMA 50 En Altta),⚪ Yelpaze Açık,⚪Fiyat Alt_Orta Bant Aralığında,34.6,12.38,-0.92
OZATD,1912.0,🟢 Yükseliş Trendinde,🟢 AL (Trend Onaylı),-,-,⚠️ Yükseliş Trendinde Düzeltme (SSL Negatif),⚪ Yelpaze Açık,🟡Fiyat Orta-Üst Bant Aralığında,67.59,50.45,0.94
OZGYO,2.06,🟢 Yükseliş Trendinde,🔴 SAT,-,-,⚠️ Yükseliş Trendinde Düzeltme (SSL Negatif),🚨 BB SIKIŞMA,🚨Fiyat Bandın Altında!,41.2,11.62,-0.17
OZKGY,14.07,🟢 Yükseliş Trendinde,🔴 SAT,-,-,⚠️ Yükseliş Trendinde Düzeltme (SSL Negatif),🟡 Normal Genişlik,⚪Fiyat Alt_Orta Bant Aralığında,46.86,4.7,-0.73
OZRDN,31.78,🔴 Düşüş Trendinde,🟢 AL (Trend Onaylı),-,-,🟢 EMA Yükselişte (SSL Ok Bekleniyor),🟡 Normal Genişlik,🟡Fiyat Orta-Üst Bant Aralığında,55.61,97.25,-0.05
OZSUB,30.46,🟢 Yükseliş Trendinde,🔴 SAT,-,-,⚠️ Yükseliş Trendinde Düzeltme (SSL Negatif),🟡 Normal Genişlik,⚪Fiyat Alt_Orta Bant Aralığında,52.06,4.32,-0.83
OZYSR,12.78,🟢 Yükseliş Trendinde,⏳ BEKLE,-,-,⚪ Karışık / Testere Piyasası,⚪ Yelpaze Açık,🟡Fiyat Orta-Üst Bant Aralığında,56.17,63.64,0.85
PAGYO,160.2,🟢 Yükseliş Trendinde,⏳ BEKLE,-,-,🟢 EMA Yükselişte (SSL Ok Bekleniyor),⚪ Yelpaze Açık,🟡Fiyat Orta-Üst Bant Aralığında,64.08,82.48,0.89
PAHOL,1.43,🔴 Düşüş Trendinde,🔴 SAT,-,-,🔴 Ayı Piyasası (EMA 50 En Altta),⚪ Yelpaze Açık,⚪Fiyat Alt_Orta Bant Aralığında,31.35,6.75,-0.81
PAMEL,83.6,🟢 Yükseliş Trendinde,🔴 SAT,-,-,🔴 Ayı Piyasası (EMA 50 En Altta),⚪ Yelpaze Açık,⚪Fiyat Alt_Orta Bant Aralığında,45.01,1.85,-0.8
PAPIL,14.5,🟢 Yükseliş Trendinde,🔴 SAT,-,-,🔴 Ayı Piyasası (EMA 50 En Altta),🟠 Daralıyor,⚪Fiyat Alt_Orta Bant Aralığında,40.58,0.32,-0.47
PARSN,80.65,🔴 Düşüş Trendinde,🔴 SAT,-,-,🔴 Ayı Piyasası (EMA 50 En Altta),⚪ Yelpaze Açık,⚪Fiyat Alt_Orta Bant Aralığında,36.35,1.78,-0.96
PASEU,88.4,🔴 Düşüş Trendinde,🔴 SAT,-,-,🔴 Ayı Piyasası (EMA 50 En Altta),⚪ Yelpaze Açık,⚪Fiyat Alt_Orta Bant Aralığında,35.47,23.09,-0.89
PATEK,22.02,🔴 Düşüş Trendinde,🔴 SAT,-,-,"⚡ Yükseliş Hazırlığı (50>100 Kesti, 150 Bekleniyor)",🟠 Daralıyor,⚪Fiyat Alt_Orta Bant Aralığında,44.31,31.74,0.24
PCILT,31.8,🔴 Düşüş Trendinde,⏳ BEKLE,🟢 POTANSİYEL DİP (0 Altı - Hacimsiz),-,⚠️ Yükseliş Trendinde Düzeltme (SSL Negatif),⚪ Yelpaze Açık,⚪Fiyat Alt_Orta Bant Aralığında,45.02,30.97,-0.89
PEKGY,14.67,🟢 Yükseliş Trendinde,🟢 AL (Trend Onaylı),-,-,🟢 EMA Yükselişte (SSL Ok Bekleniyor),🚨 BB SIKIŞMA,🟡Fiyat Orta-Üst Bant Aralığında,66.06,93.82,0.97
PENGD,10.78,🔴 Düşüş Trendinde,⏳ BEKLE,-,-,⚠️ Yükseliş Trendinde Düzeltme (SSL Negatif),⚪ Yelpaze Açık,⚪Fiyat Alt_Orta Bant Aralığında,30.94,61.67,-0.75
PENTA,13.18,🔴 Düşüş Trendinde,🔴 SAT,-,-,🔴 Ayı Piyasası (EMA 50 En Altta),⚪ Yelpaze Açık,⚪Fiyat Alt_Orta Bant Aralığında,32.05,0.0,-0.93
PETKM,19.52,🔴 Düşüş Trendinde,🟢 AL (Trend Onaylı),-,-,🟢 EMA Yükselişte (SSL Ok Bekleniyor),🚨 BB SIKIŞMA,🟡Fiyat Orta-Üst Bant Aralığında,43.4,80.08,-0.64
PETUN,11.37,🔴 Düşüş Trendinde,🔴 SAT,-,🟢 POTANSİYEL DİP,"📉 Düşüş Hazırlığı (50<100 Kesti, 150 Bekleniyor)",🟠 Daralıyor,🚨Fiyat Bandın Altında!,31.14,1.72,-0.91
PGSUS,166.4,🔴 Düşüş Trendinde,🔴 SAT,-,-,🔴 Ayı Piyasası (EMA 50 En Altta),🟡 Normal Genişlik,🚨Fiyat Bandın Altında!,37.0,1.29,-0.85
PINSU,10.31,🔴 Düşüş Trendinde,🔴 SAT,-,🟢 POTANSİYEL DİP,🔴 Ayı Piyasası (EMA 50 En Altta),⚪ Yelpaze Açık,⚪Fiyat Alt_Orta Bant Aralığında,30.73,4.53,-0.96
PKART,127.0,🔴 Düşüş Trendinde,⏳ BEKLE,-,-,⚠️ Yükseliş Trendinde Düzeltme (SSL Negatif),🟡 Normal Genişlik,⚪Fiyat Alt_Orta Bant Aralığında,45.18,40.09,-0.52
PKENT,137.8,🔴 Düşüş Trendinde,🔴 SAT,-,🟢 POTANSİYEL DİP,🔴 Ayı Piyasası (EMA 50 En Altta),🟡 Normal Genişlik,🚨Fiyat Bandın Altında!,28.82,0.69,-0.91
PLTUR,22.22,🔴 Düşüş Trendinde,🔴 SAT,-,-,🔴 Ayı Piyasası (EMA 50 En Altta),🚨 BB SIKIŞMA,⚪Fiyat Alt_Orta Bant Aralığında,41.72,31.32,-0.19
PNLSN,41.9,🔴 Düşüş Trendinde,⏳ BEKLE,🚀 KUSURSUZ DÖNÜŞ (0 Altı + Hacim),-,"📉 Düşüş Hazırlığı (50<100 Kesti, 150 Bekleniyor)",🟡 Normal Genişlik,⚪Fiyat Alt_Orta Bant Aralığında,42.01,40.71,-0.82
PNSUT,11.3,🔴 Düşüş Trendinde,🔴 SAT,🔴 ZAYIFLAMA (Zaten Dipte),🟢 POTANSİYEL DİP,"📉 Düşüş Hazırlığı (50<100 Kesti, 150 Bekleniyor)",🟠 Daralıyor,🚨Fiyat Bandın Altında!,27.17,3.15,-0.94
POLHO,21.8,🔥 AL (Taze Kırılım),🟢 AL (Trend Onaylı),-,-,🟢 EMA Yükselişte (SSL Ok Bekleniyor),🚨 BB SIKIŞMA,🚨Fiyat Bandın Üzerinde!,64.71,74.41,0.86
POLTK,5100.0,🟢 Yükseliş Trendinde,🔴 SAT,-,-,🔴 Ayı Piyasası (EMA 50 En Altta),🟠 Daralıyor,⚪Fiyat Alt_Orta Bant Aralığında,46.27,12.41,0.25
PRDGS,7.01,🔴 Düşüş Trendinde,🔴 SAT,-,-,⚠️ Yükseliş Trendinde Düzeltme (SSL Negatif),🚨 BB SIKIŞMA,⚪Fiyat Alt_Orta Bant Aralığında,38.23,35.07,-0.28
PRKAB,34.3,🔴 Düşüş Trendinde,🔴 SAT,-,-,🔴 Ayı Piyasası (EMA 50 En Altta),🟡 Normal Genişlik,⚪Fiyat Alt_Orta Bant Aralığında,31.95,4.38,-0.93
PRKME,20.1,🟢 Yükseliş Trendinde,🔴 SAT,-,-,⚠️ Yükseliş Trendinde Düzeltme (SSL Negatif),⚪ Yelpaze Açık,🟡Fiyat Orta-Üst Bant Aralığında,50.25,13.1,0.56
PRZMA,68.35,🟢 Yükseliş Trendinde,⏳ BEKLE,-,-,🟢 EMA Yükselişte (SSL Ok Bekleniyor),⚪ Yelpaze Açık,🟡Fiyat Orta-Üst Bant Aralığında,62.62,64.95,0.89
PSDTC,130.2,🟢 Yükseliş Trendinde,🔴 SAT,-,-,🔴 Ayı Piyasası (EMA 50 En Altta),⚪ Yelpaze Açık,⚪Fiyat Alt_Orta Bant Aralığında,48.16,22.44,0.38
PSGYO,3.19,🔴 Düşüş Trendinde,🔴 SAT,-,-,⚠️ Yükseliş Trendinde Düzeltme (SSL Negatif),⚪ Yelpaze Açık,⚪Fiyat Alt_Orta Bant Aralığında,41.57,4.51,-0.77
QNBFK,58.0,🟢 Yükseliş Trendinde,🟢 AL (Trend Onaylı),-,🔴 ZİRVEDE,🔴 Ayı Piyasası (EMA 50 En Altta),⚪ Yelpaze Açık,🚨Fiyat Bandın Üzerinde!,80.92,98.49,0.92
QNBTR,219.0,🟢 Yükseliş Trendinde,⏳ BEKLE,🩸 SAT (Zirveden Dönüş),-,🔴 Ayı Piyasası (EMA 50 En Altta),⚪ Yelpaze Açık,🟡Fiyat Orta-Üst Bant Aralığında,49.56,71.01,0.49
QUAGR,3.49,🔴 Düşüş Trendinde,🔴 SAT,-,-,🔴 Ayı Piyasası (EMA 50 En Altta),🟡 Normal Genişlik,🚨Fiyat Bandın Altında!,37.27,3.48,-0.8
RALYH,201.8,🟢 Yükseliş Trendinde,⏳ BEKLE,-,-,"📉 Düşüş Hazırlığı (50<100 Kesti, 150 Bekleniyor)",⚪ Yelpaze Açık,🟡Fiyat Orta-Üst Bant Aralığında,46.85,92.82,0.74
RAYSG,177.5,🟢 Yükseliş Trendinde,🔴 SAT,-,🟢 POTANSİYEL DİP,🔴 Ayı Piyasası (EMA 50 En Altta),⚪ Yelpaze Açık,⚪Fiyat Alt_Orta Bant Aralığında,32.49,0.94,-0.94
REEDR,6.43,🔴 Düşüş Trendinde,⏳ BEKLE,-,-,🔴 Ayı Piyasası (EMA 50 En Altta),⚪ Yelpaze Açık,⚪Fiyat Alt_Orta Bant Aralığında,37.22,32.46,-0.82
RGYAS,197.7,🟢 Yükseliş Trendinde,🟢 AL (Trend Onaylı),-,-,⚠️ Yükseliş Trendinde Düzeltme (SSL Negatif),🟠 Daralıyor,🟡Fiyat Orta-Üst Bant Aralığında,55.8,70.62,-0.21
RNPOL,2.6,🟢 Yükseliş Trendinde,🟢 AL (Trend Onaylı),-,-,🟢 EMA Yükselişte (SSL Ok Bekleniyor),🚨 BB SIKIŞMA,🟡Fiyat Orta-Üst Bant Aralığında,54.08,94.88,0.64
RODRG,25.1,🔴 Düşüş Trendinde,🔴 SAT,-,-,⚠️ Yükseliş Trendinde Düzeltme (SSL Negatif),⚪ Yelpaze Açık,⚪Fiyat Alt_Orta Bant Aralığında,44.76,45.25,0.27
RTALB,3.5,🔴 Düşüş Trendinde,⏳ BEKLE,-,-,🔴 Ayı Piyasası (EMA 50 En Altta),🚨 BB SIKIŞMA,⚪Fiyat Alt_Orta Bant Aralığında,47.04,55.05,-0.02
RUBNS,21.22,🔴 Düşüş Trendinde,⏳ BEKLE,-,-,🔴 Ayı Piyasası (EMA 50 En Altta),🟠 Daralıyor,⚪Fiyat Alt_Orta Bant Aralığında,25.67,2.3,-0.98
RUZYE,9.43,🔴 Düşüş Trendinde,🔴 SAT,-,🟢 POTANSİYEL DİP,🔴 Ayı Piyasası (EMA 50 En Altta),🟠 Daralıyor,⚪Fiyat Alt_Orta Bant Aralığında,30.34,33.03,-0.87
RYGYO,30.64,🔴 Düşüş Trendinde,🟢 AL (Trend Onaylı),-,-,⚠️ Yükseliş Trendinde Düzeltme (SSL Negatif),🟠 Daralıyor,⚪Fiyat Alt_Orta Bant Aralığında,45.99,67.29,-0.13
RYSAS,20.66,🔴 Düşüş Trendinde,⏳ BEKLE,🟢 POTANSİYEL DİP (0 Altı - Hacimsiz),-,⚠️ Yükseliş Trendinde Düzeltme (SSL Negatif),⚪ Yelpaze Açık,⚪Fiyat Alt_Orta Bant Aralığında,37.11,6.13,-0.91
SAFKR,21.38,🔴 Düşüş Trendinde,⏳ BEKLE,-,-,🔴 Ayı Piyasası (EMA 50 En Altta),⚪ Yelpaze Açık,⚪Fiyat Alt_Orta Bant Aralığında,40.74,54.6,-0.84
SAHOL,89.75,🔴 Düşüş Trendinde,🔴 SAT,-,🟢 POTANSİYEL DİP,⚠️ Yükseliş Trendinde Düzeltme (SSL Negatif),🟡 Normal Genişlik,🚨Fiyat Bandın Altında!,34.67,0.0,-0.92
SAMAT,6.2,🔴 Düşüş Trendinde,🔴 SAT,-,-,⚠️ Yükseliş Trendinde Düzeltme (SSL Negatif),⚪ Yelpaze Açık,⚪Fiyat Alt_Orta Bant Aralığında,43.25,2.85,-0.84
SANEL,78.5,🟢 Yükseliş Trendinde,⏳ BEKLE,-,-,⚠️ Yükseliş Trendinde Düzeltme (SSL Negatif),⚪ Yelpaze Açık,🟡Fiyat Orta-Üst Bant Aralığında,61.65,13.44,0.37
SANFM,9.89,🟢 Yükseliş Trendinde,🟢 AL (Trend Onaylı),-,-,🟢 EMA Yükselişte (SSL Ok Bekleniyor),⚪ Yelpaze Açık,🟡Fiyat Orta-Üst Bant Aralığında,59.91,90.04,0.51
SANKO,20.88,🔴 Düşüş Trendinde,🔴 SAT,-,-,⚠️ Yükseliş Trendinde Düzeltme (SSL Negatif),🟡 Normal Genişlik,🚨Fiyat Bandın Altında!,37.08,1.13,-0.89
SARKY,25.82,🔴 Düşüş Trendinde,🔴 SAT,-,-,⚠️ Yükseliş Trendinde Düzeltme (SSL Negatif),🚨 BB SIKIŞMA,⚪Fiyat Alt_Orta Bant Aralığında,38.27,18.65,-0.75
SASA,2.32,🔴 Düşüş Trendinde,🔴 SAT,🚀 KUSURSUZ DÖNÜŞ (0 Altı + Hacim),-,🔴 Ayı Piyasası (EMA 50 En Altta),⚪ Yelpaze Açık,⚪Fiyat Alt_Orta Bant Aralığında,36.25,11.8,-0.95
SAYAS,45.12,🔴 Düşüş Trendinde,🔴 SAT,-,🟢 POTANSİYEL DİP,⚠️ Yükseliş Trendinde Düzeltme (SSL Negatif),🟡 Normal Genişlik,🚨Fiyat Bandın Altında!,33.98,0.35,-0.75
SDTTR,246.5,🟢 Yükseliş Trendinde,🔴 SAT,-,-,⚠️ Yükseliş Trendinde Düzeltme (SSL Negatif),🟡 Normal Genişlik,⚪Fiyat Alt_Orta Bant Aralığında,46.18,21.48,0.35
SEGMN,52.85,🔴 Düşüş Trendinde,🔴 SAT,-,-,🟢 EMA Yükselişte (SSL Ok Bekleniyor),🚨 BB SIKIŞMA,⚪Fiyat Alt_Orta Bant Aralığında,45.89,60.5,0.12
SEGYO,4.45,🔴 Düşüş Trendinde,🔴 SAT,🟢 POTANSİYEL DİP (0 Altı - Hacimsiz),-,🔴 Ayı Piyasası (EMA 50 En Altta),🟡 Normal Genişlik,⚪Fiyat Alt_Orta Bant Aralığında,35.25,4.74,-0.85
SEKFK,9.9,🔴 Düşüş Trendinde,🔴 SAT,-,🟢 POTANSİYEL DİP,⚪ Karışık / Testere Piyasası,🚨 BB SIKIŞMA,🚨Fiyat Bandın Altında!,34.56,27.79,-0.54
SEKUR,10.8,🟢 Yükseliş Trendinde,🔥 GÜÇLÜ AL (Taze Kırılım),-,-,⚠️ Yükseliş Trendinde Düzeltme (SSL Negatif),⚪ Yelpaze Açık,🟡Fiyat Orta-Üst Bant Aralığında,54.8,25.38,-0.35
SELEC,198.2,🟢 Yükseliş Trendinde,🔴 SAT,-,-,⚠️ Yükseliş Trendinde Düzeltme (SSL Negatif),⚪ Yelpaze Açık,🟡Fiyat Orta-Üst Bant Aralığında,60.8,0.24,0.1
SELVA,1.92,🔴 Düşüş Trendinde,🔴 SAT,-,-,🔴 Ayı Piyasası (EMA 50 En Altta),🟡 Normal Genişlik,⚪Fiyat Alt_Orta Bant Aralığında,36.62,5.58,-0.86
SERNT,8.86,🔴 Düşüş Trendinde,🔴 SAT,-,-,⚠️ Yükseliş Trendinde Düzeltme (SSL Negatif),⚪ Yelpaze Açık,⚪Fiyat Alt_Orta Bant Aralığında,38.74,1.2,-0.86
SEYKM,5.96,🟢 Yükseliş Trendinde,🟢 AL (Trend Onaylı),-,🔴 ZİRVEDE,🔴 Ayı Piyasası (EMA 50 En Altta),⚪ Yelpaze Açık,🚨Fiyat Bandın Üzerinde!,72.49,100.0,0.59
SILVR,2.5,🟢 Yükseliş Trendinde,🔴 SAT,-,-,🔴 Ayı Piyasası (EMA 50 En Altta),⚪ Yelpaze Açık,⚪Fiyat Alt_Orta Bant Aralığında,38.17,2.81,-0.84
SISE,42.66,🔴 Düşüş Trendinde,⏳ BEKLE,🟢 POTANSİYEL DİP (0 Altı - Hacimsiz),-,⚠️ Yükseliş Trendinde Düzeltme (SSL Negatif),🟠 Daralıyor,⚪Fiyat Alt_Orta Bant Aralığında,40.63,11.55,-0.87
SKBNK,19.2,🟢 Yükseliş Trendinde,⏳ BEKLE,-,-,🟢 EMA Yükselişte (SSL Ok Bekleniyor),⚪ Yelpaze Açık,🟡Fiyat Orta-Üst Bant Aralığında,75.86,88.37,0.81
SKTAS,3.48,🔴 Düşüş Trendinde,🔴 SAT,-,-,🔴 Ayı Piyasası (EMA 50 En Altta),⚪ Yelpaze Açık,⚪Fiyat Alt_Orta Bant Aralığında,44.91,17.58,-0.35
SKYLP,239.8,🔴 Düşüş Trendinde,⏳ BEKLE,-,-,⚠️ Yükseliş Trendinde Düzeltme (SSL Negatif),⚪ Yelpaze Açık,⚪Fiyat Alt_Orta Bant Aralığında,33.93,47.26,-0.92
SKYMD,14.65,🟢 Yükseliş Trendinde,🔴 SAT,-,-,🟢 EMA Yükselişte (SSL Ok Bekleniyor),⚪ Yelpaze Açık,🟡Fiyat Orta-Üst Bant Aralığında,53.23,37.27,0.56
SMART,24.96,🔴 Düşüş Trendinde,🔴 SAT,-,🟢 POTANSİYEL DİP,⚠️ Yükseliş Trendinde Düzeltme (SSL Negatif),⚪ Yelpaze Açık,🚨Fiyat Bandın Altında!,28.63,4.3,-0.86
SMRTG,10.04,🔴 Düşüş Trendinde,🔴 SAT,-,🟢 POTANSİYEL DİP,⚠️ Yükseliş Trendinde Düzeltme (SSL Negatif),⚪ Yelpaze Açık,🚨Fiyat Bandın Altında!,33.84,1.39,-0.94
SMRVA,13.11,🔴 Düşüş Trendinde,🔴 SAT,-,-,🔴 Ayı Piyasası (EMA 50 En Altta),🟡 Normal Genişlik,⚪Fiyat Alt_Orta Bant Aralığında,34.62,0.0,-0.95
SNGYO,3.71,🟢 Yükseliş Trendinde,🔴 SAT,-,-,🔴 Ayı Piyasası (EMA 50 En Altta),🚨 BB SIKIŞMA,⚪Fiyat Alt_Orta Bant Aralığında,47.03,9.24,-0.31
SNICA,4.29,🟢 Yükseliş Trendinde,🔴 SAT,-,-,"⚡ Yükseliş Hazırlığı (50>100 Kesti, 150 Bekleniyor)",⚪ Yelpaze Açık,⚪Fiyat Alt_Orta Bant Aralığında,49.43,7.9,0.05
SNPAM,20.58,🔴 Düşüş Trendinde,🔴 SAT,-,-,🔴 Ayı Piyasası (EMA 50 En Altta),⚪ Yelpaze Açık,⚪Fiyat Alt_Orta Bant Aralığında,39.13,28.29,-0.74
SODSN,8.6,🟢 Yükseliş Trendinde,🔴 SAT,-,-,🔴 Ayı Piyasası (EMA 50 En Altta),🚨 BB SIKIŞMA,⚪Fiyat Alt_Orta Bant Aralığında,40.98,41.07,-0.03
SOHOE,13.3,-,-,-,-,-,-,-,,,
SOKE,16.62,🟢 Yükseliş Trendinde,🟢 AL (Trend Onaylı),-,-,🟢 EMA Yükselişte (SSL Ok Bekleniyor),🟠 Daralıyor,🟡Fiyat Orta-Üst Bant Aralığında,50.25,50.64,-0.46
SOKM,44.24,🔴 Düşüş Trendinde,🔴 SAT,-,-,🔴 Ayı Piyasası (EMA 50 En Altta),⚪ Yelpaze Açık,⚪Fiyat Alt_Orta Bant Aralığında,34.56,8.52,-0.94
SONME,127.2,🔴 Düşüş Trendinde,⏳ BEKLE,-,-,🔴 Ayı Piyasası (EMA 50 En Altta),🟡 Normal Genişlik,⚪Fiyat Alt_Orta Bant Aralığında,47.11,63.19,-0.42
SRVGY,2.64,🔴 Düşüş Trendinde,🔴 SAT,-,🟢 POTANSİYEL DİP,🔴 Ayı Piyasası (EMA 50 En Altta),⚪ Yelpaze Açık,⚪Fiyat Alt_Orta Bant Aralığında,23.28,0.25,-0.94
SUMAS,324.0,🔴 Düşüş Trendinde,🔴 SAT,-,-,⚠️ Yükseliş Trendinde Düzeltme (SSL Negatif),⚪ Yelpaze Açık,⚪Fiyat Alt_Orta Bant Aralığında,40.21,14.14,-0.34
SUNTK,29.84,🔴 Düşüş Trendinde,🟢 AL (Trend Onaylı),-,-,🔴 Ayı Piyasası (EMA 50 En Altta),⚪ Yelpaze Açık,🟡Fiyat Orta-Üst Bant Aralığında,48.86,90.32,-0.23
SURGY,67.9,🟢 Yükseliş Trendinde,🔴 SAT,-,-,⚠️ Yükseliş Trendinde Düzeltme (SSL Negatif),🚨 BB SIKIŞMA,⚪Fiyat Alt_Orta Bant Aralığında,42.52,26.76,-0.51
SUWEN,6.23,🔴 Düşüş Trendinde,🔴 SAT,🟢 POTANSİYEL DİP (0 Altı - Hacimsiz),🚀 KUSURSUZ DİP,🔴 Ayı Piyasası (EMA 50 En Altta),⚪ Yelpaze Açık,🚨Fiyat Bandın Altında!,24.2,7.82,-0.96
SVGYO,15.39,🔴 Düşüş Trendinde,🔴 SAT,-,🟢 POTANSİYEL DİP,-,-,🚨Fiyat Bandın Altında!,28.34,0.0,-0.53
TABGD,219.4,🔴 Düşüş Trendinde,🔴 SAT,-,-,"📉 Düşüş Hazırlığı (50<100 Kesti, 150 Bekleniyor)",⚪ Yelpaze Açık,⚪Fiyat Alt_Orta Bant Aralığında,34.42,40.68,-0.64
TARKM,488.25,🔴 Düşüş Trendinde,🔴 SAT,-,-,⚠️ Yükseliş Trendinde Düzeltme (SSL Negatif),🟡 Normal Genişlik,⚪Fiyat Alt_Orta Bant Aralığında,40.22,12.7,-0.64
TATEN,12.03,🔴 Düşüş Trendinde,🔴 SAT,🟢 POTANSİYEL DİP (0 Altı - Hacimsiz),-,⚠️ Yükseliş Trendinde Düzeltme (SSL Negatif),⚪ Yelpaze Açık,⚪Fiyat Alt_Orta Bant Aralığında,31.34,0.0,-0.97
TATGD,17.99,🔴 Düşüş Trendinde,🔴 SAT,-,-,⚠️ Yükseliş Trendinde Düzeltme (SSL Negatif),🟠 Daralıyor,🚨Fiyat Bandın Altında!,35.55,0.22,-0.53
TAVHL,263.5,🔴 Düşüş Trendinde,🔴 SAT,🟢 POTANSİYEL DİP (0 Altı - Hacimsiz),-,🔴 Ayı Piyasası (EMA 50 En Altta),🟠 Daralıyor,⚪Fiyat Alt_Orta Bant Aralığında,38.47,0.0,-0.9
TBORG,129.2,🔴 Düşüş Trendinde,🔴 SAT,-,-,🔴 Ayı Piyasası (EMA 50 En Altta),🟡 Normal Genişlik,⚪Fiyat Alt_Orta Bant Aralığında,38.79,26.59,-0.18
TCELL,105.6,🟢 Yükseliş Trendinde,⏳ BEKLE,-,-,⚠️ Yükseliş Trendinde Düzeltme (SSL Negatif),🚨 BB SIKIŞMA,⚪Fiyat Alt_Orta Bant Aralığında,41.71,6.52,-0.91
TCKRC,118.5,🔴 Düşüş Trendinde,🔴 SAT,-,🟢 POTANSİYEL DİP,⚠️ Yükseliş Trendinde Düzeltme (SSL Negatif),⚪ Yelpaze Açık,🚨Fiyat Bandın Altında!,33.17,0.75,-0.65
TDGYO,15.12,🟢 Yükseliş Trendinde,🔴 SAT,-,-,🔴 Ayı Piyasası (EMA 50 En Altta),🚨 BB SIKIŞMA,⚪Fiyat Alt_Orta Bant Aralığında,45.85,7.39,0.2
TEHOL,40.24,🟢 Yükseliş Trendinde,⏳ BEKLE,-,-,🟢 EMA Yükselişte (SSL Ok Bekleniyor),🟡 Normal Genişlik,🟡Fiyat Orta-Üst Bant Aralığında,90.26,100.0,0.99
TEKTU,9.36,🔴 Düşüş Trendinde,⏳ BEKLE,-,-,🔴 Ayı Piyasası (EMA 50 En Altta),🟠 Daralıyor,⚪Fiyat Alt_Orta Bant Aralığında,39.76,37.86,-0.83
TERA,153.8,🔴 Düşüş Trendinde,🔴 SAT,-,-,🔴 Ayı Piyasası (EMA 50 En Altta),⚪ Yelpaze Açık,⚪Fiyat Alt_Orta Bant Aralığında,36.3,46.28,-0.36
TEZOL,15.72,🔴 Düşüş Trendinde,⏳ BEKLE,-,-,⚠️ Yükseliş Trendinde Düzeltme (SSL Negatif),⚪ Yelpaze Açık,⚪Fiyat Alt_Orta Bant Aralığında,35.04,41.69,-0.81
TGSAS,175.3,🟢 Yükseliş Trendinde,🔴 SAT,-,-,⚠️ Yükseliş Trendinde Düzeltme (SSL Negatif),🟠 Daralıyor,⚪Fiyat Alt_Orta Bant Aralığında,49.62,44.44,0.3
THYAO,336.5,🟢 Yükseliş Trendinde,⏳ BEKLE,-,-,🟢 EMA Yükselişte (SSL Ok Bekleniyor),🚨 BB SIKIŞMA,🟡Fiyat Orta-Üst Bant Aralığında,59.66,38.7,0.73
TKFEN,128.8,🔴 Düşüş Trendinde,🔴 SAT,-,-,⚠️ Yükseliş Trendinde Düzeltme (SSL Negatif),🚨 BB SIKIŞMA,⚪Fiyat Alt_Orta Bant Aralığında,42.16,25.56,0.06
TKNSA,18.69,🔴 Düşüş Trendinde,🔴 SAT,-,🟢 POTANSİYEL DİP,🔴 Ayı Piyasası (EMA 50 En Altta),🟠 Daralıyor,🚨Fiyat Bandın Altında!,32.05,11.39,-0.77
TLMAN,87.5,🔴 Düşüş Trendinde,🔴 SAT,-,-,🔴 Ayı Piyasası (EMA 50 En Altta),⚪ Yelpaze Açık,⚪Fiyat Alt_Orta Bant Aralığında,29.47,0.0,-0.97
TMPOL,432.75,🟢 Yükseliş Trendinde,🔴 SAT,-,-,⚠️ Yükseliş Trendinde Düzeltme (SSL Negatif),🚨 BB SIKIŞMA,⚪Fiyat Alt_Orta Bant Aralığında,49.36,6.3,-0.76
TMSN,83.9,🔴 Düşüş Trendinde,🔴 SAT,-,🟢 POTANSİYEL DİP,🔴 Ayı Piyasası (EMA 50 En Altta),⚪ Yelpaze Açık,🚨Fiyat Bandın Altında!,32.43,21.71,-0.83
TNZTP,23.36,🔴 Düşüş Trendinde,🔴 SAT,-,-,⚠️ Yükseliş Trendinde Düzeltme (SSL Negatif),⚪ Yelpaze Açık,⚪Fiyat Alt_Orta Bant Aralığında,36.58,0.23,-0.97
TOASO,294.75,🔴 Düşüş Trendinde,🔴 SAT,-,-,⚠️ Yükseliş Trendinde Düzeltme (SSL Negatif),⚪ Yelpaze Açık,⚪Fiyat Alt_Orta Bant Aralığında,39.49,0.0,-0.93
TRALT,53.85,🟢 Yükseliş Trendinde,🟢 AL (Trend Onaylı),-,-,🟢 EMA Yükselişte (SSL Ok Bekleniyor),🟠 Daralıyor,🟡Fiyat Orta-Üst Bant Aralığında,65.87,89.67,0.51
TRCAS,40.96,🔴 Düşüş Trendinde,🔴 SAT,-,-,⚠️ Yükseliş Trendinde Düzeltme (SSL Negatif),🚨 BB SIKIŞMA,⚪Fiyat Alt_Orta Bant Aralığında,37.16,6.96,-0.66
TRENJ,94.75,🟢 Yükseliş Trendinde,🟢 AL (Trend Onaylı),-,-,"📉 Düşüş Hazırlığı (50<100 Kesti, 150 Bekleniyor)",🟡 Normal Genişlik,🟡Fiyat Orta-Üst Bant Aralığında,58.85,85.2,0.69
TRGYO,99.9,🟢 Yükseliş Trendinde,🔥 GÜÇLÜ AL (Taze Kırılım),🩸 SAT (Zirveden Dönüş),-,⚠️ Yükseliş Trendinde Düzeltme (SSL Negatif),🚨 BB SIKIŞMA,🟡Fiyat Orta-Üst Bant Aralığında,55.91,50.39,0.57
TRHOL,1445.0,🔴 Düşüş Trendinde,🔴 SAT,-,-,⚠️ Yükseliş Trendinde Düzeltme (SSL Negatif),🟡 Normal Genişlik,⚪Fiyat Alt_Orta Bant Aralığında,38.55,4.15,-0.54
TRILC,1.15,🔴 Düşüş Trendinde,🔴 SAT,-,-,🔴 Ayı Piyasası (EMA 50 En Altta),🟡 Normal Genişlik,⚪Fiyat Alt_Orta Bant Aralığında,26.12,88.13,-0.56
TRMET,119.5,🟢 Yükseliş Trendinde,🟢 AL (Trend Onaylı),-,-,"📉 Düşüş Hazırlığı (50<100 Kesti, 150 Bekleniyor)",🚨 BB SIKIŞMA,🟡Fiyat Orta-Üst Bant Aralığında,55.15,82.14,0.72
TSGYO,6.43,🔴 Düşüş Trendinde,🔴 SAT,-,-,🔴 Ayı Piyasası (EMA 50 En Altta),⚪ Yelpaze Açık,⚪Fiyat Alt_Orta Bant Aralığında,35.89,8.93,-0.92
TSKB,11.53,🟢 Yükseliş Trendinde,🔴 SAT,-,-,🔴 Ayı Piyasası (EMA 50 En Altta),🚨 BB SIKIŞMA,⚪Fiyat Alt_Orta Bant Aralığında,42.3,3.06,-0.83
TSPOR,0.9,🔴 Düşüş Trendinde,🔴 SAT,-,-,🔴 Ayı Piyasası (EMA 50 En Altta),🟠 Daralıyor,⚪Fiyat Alt_Orta Bant Aralığında,39.49,40.64,-0.66
TTKOM,57.4,🔴 Düşüş Trendinde,🔴 SAT,-,-,"📉 Düşüş Hazırlığı (50<100 Kesti, 150 Bekleniyor)",⚪ Yelpaze Açık,🚨Fiyat Bandın Altında!,35.39,0.86,-0.82
TTRAK,436.25,🟢 Yükseliş Trendinde,🔴 SAT,-,-,🔴 Ayı Piyasası (EMA 50 En Altta),🚨 BB SIKIŞMA,⚪Fiyat Alt_Orta Bant Aralığında,44.3,32.72,0.19
TUCLK,3.95,🔴 Düşüş Trendinde,🔴 SAT,-,-,🔴 Ayı Piyasası (EMA 50 En Altta),🚨 BB SIKIŞMA,⚪Fiyat Alt_Orta Bant Aralığında,36.33,17.38,-0.72
TUKAS,2.15,🔴 Düşüş Trendinde,🔴 SAT,🟢 POTANSİYEL DİP (0 Altı - Hacimsiz),🚀 KUSURSUZ DİP,🔴 Ayı Piyasası (EMA 50 En Altta),⚪ Yelpaze Açık,⚪Fiyat Alt_Orta Bant Aralığında,27.36,3.35,-0.96
TUPRS,261.25,🟢 Yükseliş Trendinde,🟢 AL (Trend Onaylı),-,-,🟢 EMA Yükselişte (SSL Ok Bekleniyor),⚪ Yelpaze Açık,🚨Fiyat Bandın Üzerinde!,69.62,98.41,0.95
TUREX,6.84,🔴 Düşüş Trendinde,🔴 SAT,-,🟢 POTANSİYEL DİP,🔴 Ayı Piyasası (EMA 50 En Altta),⚪ Yelpaze Açık,⚪Fiyat Alt_Orta Bant Aralığında,22.89,0.0,-0.96
TURGG,27.0,🟢 Yükseliş Trendinde,🔴 SAT,-,-,🔴 Ayı Piyasası (EMA 50 En Altta),🟠 Daralıyor,⚪Fiyat Alt_Orta Bant Aralığında,36.41,22.0,-0.76
TURSG,6.21,🔴 Düşüş Trendinde,🔥 GÜÇLÜ AL (Taze Kırılım),-,-,🟢 EMA Yükselişte (SSL Ok Bekleniyor),⚪ Yelpaze Açık,⚪Fiyat Alt_Orta Bant Aralığında,46.78,46.51,-0.79
UCAYM,28.98,🔴 Düşüş Trendinde,🔴 SAT,-,🟢 POTANSİYEL DİP,-,-,🚨Fiyat Bandın Altında!,30.93,0.05,-0.84
UFUK,1614.0,🟢 Yükseliş Trendinde,🔴 SAT,-,-,⚠️ Yükseliş Trendinde Düzeltme (SSL Negatif),⚪ Yelpaze Açık,⚪Fiyat Alt_Orta Bant Aralığında,53.22,11.89,-0.49
ULAS,24.14,🔴 Düşüş Trendinde,🔴 SAT,🔴 ZAYIFLAMA (Zaten Dipte),🟢 POTANSİYEL DİP,🩸 ASIL SİNYAL: GÜÇLÜ SAT (EMA Çöktü + SSL Onay),🟡 Normal Genişlik,⚪Fiyat Alt_Orta Bant Aralığında,31.99,55.36,-0.81
ULKER,97.15,🔴 Düşüş Trendinde,🔴 SAT,🔴 ZAYIFLAMA (Zaten Dipte),-,🔴 Ayı Piyasası (EMA 50 En Altta),⚪ Yelpaze Açık,⚪Fiyat Alt_Orta Bant Aralığında,29.06,14.19,-0.9
ULUFA,1.72,🔴 Düşüş Trendinde,🔴 SAT,🟢 POTANSİYEL DİP (0 Altı - Hacimsiz),🚀 KUSURSUZ DİP,"📉 Düşüş Hazırlığı (50<100 Kesti, 150 Bekleniyor)",⚪ Yelpaze Açık,⚪Fiyat Alt_Orta Bant Aralığında,27.98,0.0,-0.99
ULUSE,302.75,🔴 Düşüş Trendinde,🔥 GÜÇLÜ AL (Taze Kırılım),-,-,⚠️ Yükseliş Trendinde Düzeltme (SSL Negatif),⚪ Yelpaze Açık,⚪Fiyat Alt_Orta Bant Aralığında,49.41,51.38,-0.82
ULUUN,8.82,🟢 Yükseliş Trendinde,🔴 SAT,-,-,⚠️ Yükseliş Trendinde Düzeltme (SSL Negatif),⚪ Yelpaze Açık,⚪Fiyat Alt_Orta Bant Aralığında,47.25,14.38,-0.72
UMPAS,9.3,🟢 Yükseliş Trendinde,⏳ BEKLE,-,-,⚪ Karışık / Testere Piyasası,🚨 BB SIKIŞMA,🚨Fiyat Bandın Altında!,,,
UNLU,12.42,🟢 Yükseliş Trendinde,🔴 SAT,-,-,🔴 Ayı Piyasası (EMA 50 En Altta),⚪ Yelpaze Açık,⚪Fiyat Alt_Orta Bant Aralığında,39.79,1.24,-0.55
USAK,1.42,🔴 Düşüş Trendinde,🔴 SAT,-,-,🔴 Ayı Piyasası (EMA 50 En Altta),⚪ Yelpaze Açık,⚪Fiyat Alt_Orta Bant Aralığında,34.77,2.26,-0.91
VAKBN,31.14,🔴 Düşüş Trendinde,🔴 SAT,-,-,"📉 Düşüş Hazırlığı (50<100 Kesti, 150 Bekleniyor)",🟠 Daralıyor,⚪Fiyat Alt_Orta Bant Aralığında,41.28,8.25,-0.8
VAKFA,11.69,🔴 Düşüş Trendinde,🔴 SAT,-,-,🔴 Ayı Piyasası (EMA 50 En Altta),🟡 Normal Genişlik,⚪Fiyat Alt_Orta Bant Aralığında,36.41,16.7,-0.88
VAKFN,1.55,🔴 Düşüş Trendinde,🔴 SAT,-,🟢 POTANSİYEL DİP,🔴 Ayı Piyasası (EMA 50 En Altta),⚪ Yelpaze Açık,⚪Fiyat Alt_Orta Bant Aralığında,28.69,4.59,-0.93
VAKKO,70.2,🔴 Düşüş Trendinde,🔴 SAT,-,-,⚠️ Yükseliş Trendinde Düzeltme (SSL Negatif),⚪ Yelpaze Açık,⚪Fiyat Alt_Orta Bant Aralığında,36.29,2.84,-0.88
VANGD,89.95,🟢 Yükseliş Trendinde,⏳ BEKLE,🟢 POTANSİYEL DİP (0 Altı - Hacimsiz),-,⚠️ Yükseliş Trendinde Düzeltme (SSL Negatif),🟡 Normal Genişlik,⚪Fiyat Alt_Orta Bant Aralığında,46.7,8.32,-0.86
VBTYZ,30.02,🟢 Yükseliş Trendinde,🟢 AL (Trend Onaylı),-,-,⚠️ Yükseliş Trendinde Düzeltme (SSL Negatif),🟠 Daralıyor,🟡Fiyat Orta-Üst Bant Aralığında,58.1,72.24,0.74
VERTU,37.52,🔴 Düşüş Trendinde,🔴 SAT,-,-,🔴 Ayı Piyasası (EMA 50 En Altta),⚪ Yelpaze Açık,⚪Fiyat Alt_Orta Bant Aralığında,39.97,1.52,-0.9
VERUS,417.75,🔴 Düşüş Trendinde,🔴 SAT,-,🟢 POTANSİYEL DİP,⚠️ Yükseliş Trendinde Düzeltme (SSL Negatif),⚪ Yelpaze Açık,🚨Fiyat Bandın Altında!,27.91,0.36,-0.69
VESBE,6.23,🔴 Düşüş Trendinde,🔴 SAT,-,-,🔴 Ayı Piyasası (EMA 50 En Altta),⚪ Yelpaze Açık,⚪Fiyat Alt_Orta Bant Aralığında,44.93,26.39,-0.29
VESTL,24.56,🔴 Düşüş Trendinde,🔴 SAT,-,-,🔴 Ayı Piyasası (EMA 50 En Altta),⚪ Yelpaze Açık,⚪Fiyat Alt_Orta Bant Aralığında,45.73,30.01,-0.19
VKFYO,26.9,🟢 Yükseliş Trendinde,🟢 AL (Trend Onaylı),-,-,🔴 Ayı Piyasası (EMA 50 En Altta),🟠 Daralıyor,⚪Fiyat Alt_Orta Bant Aralığında,43.83,70.07,0.12
VKGYO,2.63,🟢 Yükseliş Trendinde,🔴 SAT,-,-,⚠️ Yükseliş Trendinde Düzeltme (SSL Negatif),🚨 BB SIKIŞMA,⚪Fiyat Alt_Orta Bant Aralığında,42.74,15.25,-0.32
VKING,23.38,🔴 Düşüş Trendinde,🔴 SAT,-,🟢 POTANSİYEL DİP,🩸 ASIL SİNYAL: GÜÇLÜ SAT (EMA Çöktü + SSL Onay),🟡 Normal Genişlik,⚪Fiyat Alt_Orta Bant Aralığında,33.55,6.02,-0.8
VRGYO,1.97,🔴 Düşüş Trendinde,🔴 SAT,-,🟢 POTANSİYEL DİP,🔴 Ayı Piyasası (EMA 50 En Altta),🟠 Daralıyor,🚨Fiyat Bandın Altında!,32.35,0.0,-0.91
VSNMD,83.35,🔴 Düşüş Trendinde,🔴 SAT,-,-,🔴 Ayı Piyasası (EMA 50 En Altta),⚪ Yelpaze Açık,⚪Fiyat Alt_Orta Bant Aralığında,42.59,0.0,-0.66
YAPRK,11.57,🔴 Düşüş Trendinde,⏳ BEKLE,🔴 ZAYIFLAMA (Zaten Dipte),-,🔴 Ayı Piyasası (EMA 50 En Altta),🟡 Normal Genişlik,⚪Fiyat Alt_Orta Bant Aralığında,31.92,42.23,-0.88
YATAS,39.0,🟢 Yükseliş Trendinde,🔴 SAT,-,-,"📉 Düşüş Hazırlığı (50<100 Kesti, 150 Bekleniyor)",🟡 Normal Genişlik,⚪Fiyat Alt_Orta Bant Aralığında,42.47,6.58,-0.48
YAYLA,23.52,🟢 Yükseliş Trendinde,⏳ BEKLE,-,-,🔴 Ayı Piyasası (EMA 50 En Altta),🟠 Daralıyor,⚪Fiyat Alt_Orta Bant Aralığında,45.12,32.89,-0.25
YBTAS,16.0,🔴 Düşüş Trendinde,⏳ BEKLE,🔴 ZAYIFLAMA (Zaten Dipte),-,🔴 Ayı Piyasası (EMA 50 En Altta),🚨 BB SIKIŞMA,🟡Fiyat Orta-Üst Bant Aralığında,45.86,73.75,0.61
YEOTK,85.9,🔴 Düşüş Trendinde,🔴 SAT,-,🟢 POTANSİYEL DİP,⚠️ Yükseliş Trendinde Düzeltme (SSL Negatif),⚪ Yelpaze Açık,🚨Fiyat Bandın Altında!,33.93,2.82,-0.93
YESIL,1.31,🔴 Düşüş Trendinde,🔴 SAT,-,🟢 POTANSİYEL DİP,🔴 Ayı Piyasası (EMA 50 En Altta),🚨 BB SIKIŞMA,🚨Fiyat Bandın Altında!,29.21,30.9,-0.91
YGGYO,219.2,🔴 Düşüş Trendinde,🔴 SAT,-,-,⚠️ Yükseliş Trendinde Düzeltme (SSL Negatif),⚪ Yelpaze Açık,⚪Fiyat Alt_Orta Bant Aralığında,40.41,1.26,-0.91
YIGIT,22.22,🔴 Düşüş Trendinde,🔴 SAT,-,🟢 POTANSİYEL DİP,🔴 Ayı Piyasası (EMA 50 En Altta),⚪ Yelpaze Açık,🚨Fiyat Bandın Altında!,30.56,0.0,-0.97
YKBNK,36.3,🔴 Düşüş Trendinde,🔴 SAT,-,-,⚠️ Yükseliş Trendinde Düzeltme (SSL Negatif),⚪ Yelpaze Açık,⚪Fiyat Alt_Orta Bant Aralığında,39.16,1.14,-0.95
YKSLN,3.13,🔴 Düşüş Trendinde,🔴 SAT,-,-,🔴 Ayı Piyasası (EMA 50 En Altta),🟡 Normal Genişlik,⚪Fiyat Alt_Orta Bant Aralığında,42.32,45.28,0.02
YONGA,52.6,🔴 Düşüş Trendinde,⏳ BEKLE,🟢 POTANSİYEL DİP (0 Altı - Hacimsiz),-,🔴 Ayı Piyasası (EMA 50 En Altta),🟠 Daralıyor,⚪Fiyat Alt_Orta Bant Aralığında,39.23,24.11,-0.77
YUNSA,9.0,🔴 Düşüş Trendinde,🔴 SAT,🟢 POTANSİYEL DİP (0 Altı - Hacimsiz),-,⚠️ Yükseliş Trendinde Düzeltme (SSL Negatif),⚪ Yelpaze Açık,⚪Fiyat Alt_Orta Bant Aralığında,32.76,7.57,-0.98
YYAPI,0.86,🟢 Yükseliş Trendinde,🔴 SAT,-,-,🔴 Ayı Piyasası (EMA 50 En Altta),🟡 Normal Genişlik,⚪Fiyat Alt_Orta Bant Aralığında,33.04,53.3,-0.75
YYLGD,10.73,🔴 Düşüş Trendinde,🔴 SAT,-,-,"📉 Düşüş Hazırlığı (50<100 Kesti, 150 Bekleniyor)",🟠 Daralıyor,⚪Fiyat Alt_Orta Bant Aralığında,37.02,23.97,-0.79
ZEDUR,8.71,🔴 Düşüş Trendinde,🔴 SAT,-,-,⚠️ Yükseliş Trendinde Düzeltme (SSL Negatif),⚪ Yelpaze Açık,🚨Fiyat Bandın Altında!,37.83,17.96,-0.65
ZERGY,10.49,🔴 Düşüş Trendinde,🔴 SAT,-,-,-,⚪ Yelpaze Açık,⚪Fiyat Alt_Orta Bant Aralığında,31.39,7.67,-0.91
ZGYO,36.84,🟢 Yükseliş Trendinde,🔴 SAT,-,-,-,🚨 BB SIKIŞMA,⚪Fiyat Alt_Orta Bant Aralığında,45.98,32.62,-0.54
ZOREN,2.63,🔴 Düşüş Trendinde,🔴 SAT,-,-,🔴 Ayı Piyasası (EMA 50 En Altta),⚪ Yelpaze Açık,⚪Fiyat Alt_Orta Bant Aralığında,37.32,15.71,-0.79
ZRGYO,17.82,🟢 Yükseliş Trendinde,🔴 SAT,-,-,🔴 Ayı Piyasası (EMA 50 En Altta),🚨 BB SIKIŞMA,🟡Fiyat Orta-Üst Bant Aralığında,50.74,30.2,-0.04
